<?xml version="1.0" encoding="utf-8"?>
<COLLADA xmlns="http://www.collada.org/2005/11/COLLADASchema" version="1.4.1">
  <asset>
    <contributor>
      <author>Blender User</author>
      <authoring_tool>Blender 2.76.0 commit date:2015-11-03, commit time:10:56, hash:f337fea</authoring_tool>
    </contributor>
    <created>2016-05-21T21:57:25</created>
    <modified>2016-05-21T21:57:25</modified>
    <unit name="meter" meter="1"/>
    <up_axis>Z_UP</up_axis>
  </asset>
  <library_images>
    <image id="AdvPistol_DIF_png" name="AdvPistol_DIF_png">
      <init_from>Texture2D/AdvPistol_DIF.png</init_from>
    </image>
  </library_images>
  <library_effects>
    <effect id="AdvPistol_MATINST-effect">
      <profile_COMMON>
        <newparam sid="AdvPistol_DIF_png-surface">
          <surface type="2D">
            <init_from>AdvPistol_DIF_png</init_from>
          </surface>
        </newparam>
        <newparam sid="AdvPistol_DIF_png-sampler">
          <sampler2D>
            <source>AdvPistol_DIF_png-surface</source>
          </sampler2D>
        </newparam>
        <technique sid="common">
          <phong>
            <emission>
              <color sid="emission">0 0 0 1</color>
            </emission>
            <ambient>
              <color sid="ambient">0 0 0 1</color>
            </ambient>
            <diffuse>
              <texture texture="AdvPistol_DIF_png-sampler" texcoord="mesh0-mesh-map-0"/>
            </diffuse>
            <specular>
              <color sid="specular">0.25 0.25 0.25 1</color>
            </specular>
            <shininess>
              <float sid="shininess">1</float>
            </shininess>
            <index_of_refraction>
              <float sid="index_of_refraction">1</float>
            </index_of_refraction>
          </phong>
        </technique>
      </profile_COMMON>
    </effect>
  </library_effects>
  <library_materials>
    <material id="AdvPistol_MATINST-material" name="AdvPistol_MATINST">
      <instance_effect url="#AdvPistol_MATINST-effect"/>
    </material>
  </library_materials>
  <library_geometries>
    <geometry id="mesh0-mesh" name="mesh0">
      <mesh>
        <source id="mesh0-mesh-positions">
          <float_array id="mesh0-mesh-positions-array" count="1848">8.27979 -1.60897 1.12471 -0.845184 0.806278 -7.17884 -0.638422 1.10266 -0.7728 0.965874 1.10266 -1.54172 -0.152658 1.10266 -0.03668695 2.05681 1.10266 1.50907 -1.29072 1.10266 1.50989 2.05681 1.10266 -1.54172 -3.87062 1.10266 -5.48385 -2.89685 1.10266 -4.00979 -1.39964 1.10266 -1.95337 0.468106 1.10266 -2.51297 -0.845184 0.806278 -6.9684 -0.272337 1.10266 -7.11429 -3.65624 0.806279 -6.29288 20.9006 0.389589 5.98999 21.1265 0.389589 5.98999 20.9006 0.389589 5.80955 20.9006 0.958372 -0.595451 20.9006 1.41088 1.12258 20.9006 0.958372 1.86709 20.9006 1.40402 5.03921 20.9006 0.289333 3.42985 20.9006 -0.389595 5.80955 20.9006 -0.389595 5.98999 20.9006 0.7614 3.42985 22.3808 -0.735763 6.23991 20.9006 -0.761406 5.58926 20.9006 -0.761406 3.42985 20.9006 -0.16991 2.82584 20.9006 -0.302752 1.86709 20.9006 -0.958379 -0.595451 22.3809 -0.701541 6.43367 22.3809 -0.226943 8.183401 22.3809 -0.303803 8.183401 21.8256 -0.303802 8.183401 21.8256 -0.79913 6.48216 21.8256 -0.226943 6.65965 19.6817 -0.226942 6.81367 21.1265 0.575101 5.98995 21.2738 0.389589 5.80955 21.2738 -0.389596 5.80955 21.1265 -0.389596 5.98999 21.4546 -0.575107 5.58905 22.5856 0.735756 6.23991 22.5858 -0.575107 6.65965 22.5856 -0.575107 6.23991 22.5856 -0.735763 6.23991 22.5857 0.5751 5.58905 -1.01927 0.575104 6.115 20.9006 -0.575107 5.98999 21.8256 -0.226943 8.183401 21.8256 -0.575107 6.37095 22.3809 -0.575107 6.65965 22.3809 0.226936 7.47168 22.3809 -0.226943 7.47168 22.3809 -0.799131 6.48216 22.3809 0.226936 8.183401 22.3809 0.303796 8.183401 22.3809 0.5751 6.65965 21.8256 -0.226943 7.47168 21.0191 -0.226942 6.81409 19.6817 0.226936 6.81367 -1.45444 -0.57512 3.12445 -1.61346 -0.57512 2.41457 -1.55003 -0.57512 3.12444 -2.51637 -0.57512 4.60834 -0.878414 -0.575112 5.98993 -0.708085 -0.57512 5.53144 21.1264 -0.575107 6.23991 21.1265 -0.575107 5.98995 22.5857 -0.575107 5.58905 22.381 -0.575107 6.23991 22.3809 -0.575107 6.37095 21.8256 -0.575107 6.65946 1.58237 -1.18995 3.12445 1.58237 -0.575121 3.12445 1.58237 -1.54946 3.24898 -1.45444 -1.18995 3.12445 1.58237 -1.30005 3.24898 -1.03885 -1.30005 5.0392 -1.03885 -1.30005 3.24898 -2.51637 -0.57512 5.0392 -1.61346 0.575121 2.41457 1.58237 -1.54946 5.0392 1.58237 -1.30005 5.0392 0.759216 -0.57512 5.53133 0.190657 -0.57512 5.87099 0.190657 -0.575112 5.98994 14.7537 -0.761405 5.58926 14.7537 0.761401 5.58926 -1.63492 -1.19012 1.50112 5.28719 0.475363 1.50112 5.28719 -0.475364 1.50112 7.32664 -0.475372 1.12253 7.32664 -0.631268 1.12253 -1.55003 -0.57512 5.0392 7.32664 -0.475372 1.50112 10.9245 -0.631268 1.50112 10.9245 0.631265 1.12253 22.4806 0.189639 2.92324 22.4806 -0.468786 2.92324 22.4806 0.468779 3.18771 22.4806 0.468779 2.92324 22.4806 -0.28934 3.42985 22.4806 0.289333 3.42985 22.4806 0.5751 5.66246 22.4806 0.946444 5.9038 22.4806 1.14263 3.35674 22.4806 0.468779 2.23612 22.4806 0.302745 2.02911 22.4806 -0.302752 2.02911 22.4806 -0.88984 3.4919 22.4806 -1.14264 3.35674 22.4806 -0.889848 5.66246 22.4806 -0.946451 5.9038 22.4806 -0.575107 5.9038 20.6248 -1.54946 2.08079 20.6248 -1.65958 2.08079 20.0329 1.11419 -0.936998 20.0329 -1.1142 -0.936998 20.0329 -0.767979 0.07194095 21.6863 -0.575107 5.66246 21.6863 -0.889848 5.66246 22.4806 -0.575107 5.66246 1.58237 -1.36467 2.08093 20.9006 0.7614 5.58926 0.190657 -0.852389 5.99003 0.190656 -0.938918 5.87099 20.9006 -0.705803 5.99004 20.9006 -1.40402 5.03921 20.6248 -0.852392 5.99004 20.9006 -1.40923 2.08079 20.6248 -1.54946 5.03921 5.90567 -1.54946 2.08093 1.58237 -1.54946 2.08093 17.2759 -0.767979 0.753116 20.0329 -0.465419 -0.695502 17.8509 0.465413 -0.695503 20.0329 -0.767979 0.753117 6.26462 -0.475372 1.12253 7.32664 -0.631268 1.50112 21.6863 -0.468786 3.18771 21.6863 -0.746686 3.05935 21.6863 -0.88984 3.4919 21.6863 -1.14264 3.35674 21.6863 -0.575107 5.9038 21.6863 -0.2431499 3.18771 21.6863 -0.1896449 2.92324 22.4806 -0.16991 2.82584 17.2759 -1.5623 0.753116 17.5463 -0.767979 0.07194095 17.8509 -0.465418 -0.695503 17.9775 1.00455 -1.01442 14.7537 0.761401 3.42985 14.7537 -0.761405 3.42985 20.9006 -0.289339 3.42985 6.26462 -1.65958 1.12256 6.26462 -1.65958 2.08093 20.6248 -1.1142 -0.936998 20.9006 -0.95619 -0.742301 20.9006 -1.41088 1.12258 20.0329 -1.5623 0.753117 10.9245 -1.65958 1.12258 20.6248 -1.65958 1.12258 11.18 0.374145 0.519967 11.4544 0.373984 -1.57082 11.4544 0.373984 -0.66094 -0.808776 -0.575103 6.2399 -1.01927 -0.575103 6.115 -0.103448 0.575104 6.65965 22.3809 -0.774019 6.30418 -0.700444 -0.774015 6.30418 21.1579 -0.774017 6.3042 -0.808776 -0.735759 6.2399 22.5858 0.5751 6.65965 21.3044 -0.575107 6.65975 21.1264 -0.735763 6.23991 21.8256 0.799124 6.48216 11.8337 -1.00455 -1.01442 11.8016 -1.1142 -0.937 11.18 -0.374149 0.519967 10.9245 -0.631268 1.12253 22.3809 0.799124 6.48216 21.8256 0.303796 8.183401 21.0191 0.226936 6.81409 19.6817 0.226936 6.65965 22.4171 0.958372 0.04144895 22.6468 0.726728 0.01836097 22.6468 -0.726735 1.86709 22.6468 -0.726735 0.01836097 22.4171 -0.958379 0.04144895 20.6248 0.852386 5.99004 20.9006 0.575101 5.98999 -1.45444 1.18995 3.12445 1.58237 1.30005 3.24898 0.190657 0.575113 5.98994 0.190657 0.938918 5.87099 0.190657 0.575121 5.87099 22.5856 -0.774017 6.3042 5.28719 1.36467 1.50112 6.26462 1.65958 1.12256 6.26462 0.47537 1.12253 7.32664 0.47537 1.50112 10.9245 0.631265 1.50112 7.32664 0.47537 1.12253 7.32664 0.631266 1.12253 7.32664 0.631266 1.50112 1.58237 1.18995 2.08093 -1.45444 1.18995 2.08093 11.0186 0.373984 -1.57082 11.0186 0.373984 0.519967 11.684 0.377717 -0.66094 22.3809 0.701534 6.43367 21.8256 0.5751 6.37095 21.6863 0.46878 2.92324 21.6863 0.5751 5.66246 21.6863 0.889842 5.66246 21.6863 1.14263 3.35674 21.6863 0.46878 2.23612 -1.55003 0.575121 3.12444 -2.51637 0.575121 4.60834 -1.55003 0.575121 5.0392 -0.708085 0.575121 5.53144 -2.51637 0.575121 5.0392 -0.878414 0.575113 5.98993 0.759216 0.575121 5.53133 -0.808776 0.575104 6.2399 21.6863 0.5751 5.9038 21.4546 0.5751 5.58905 22.5856 0.5751 6.23991 22.4806 0.5751 5.9038 22.381 0.5751 6.23991 21.1264 0.575101 6.23991 22.3809 0.5751 6.37095 21.8256 0.5751 6.65946 1.58237 1.54946 2.08093 1.58237 1.54946 3.24898 1.58237 1.36467 2.08093 1.58237 1.18995 3.12445 1.58237 1.54946 5.0392 22.4806 0.169903 2.82584 20.9006 0.169903 2.82584 21.6863 0.189639 2.92324 21.6863 0.243143 3.18771 22.4806 0.302746 2.23611 20.9006 0.302745 2.37365 21.6863 0.302746 2.23611 20.9006 0.302745 1.86709 22.4806 0.302745 1.86709 22.4171 0.958372 1.86709 22.0089 0.958372 -0.595451 21.6863 0.946444 5.9038 22.4806 1.14263 5.63466 21.6863 1.14263 5.63466 22.4806 0.746679 3.05935 21.6863 0.746679 3.05935 21.6863 0.746679 2.02911 21.6863 0.302745 2.02911 22.4806 0.746679 2.02911 22.4806 0.889841 5.66246 22.4806 0.889833 3.4919 21.6863 0.889833 3.4919 21.6863 0.46878 3.18771 22.4806 0.243143 3.18771 21.8256 0.226936 8.183401 21.8256 0.226936 7.47168 -1.03885 1.30005 3.24898 -1.45444 0.575121 3.12445 1.58237 0.57512 3.12445 20.0329 1.56229 0.753117 20.6248 1.11419 -0.936998 10.9245 1.65957 1.12258 20.6248 1.65957 2.08079 20.6248 1.65957 1.12258 20.9006 1.40923 2.08079 9.62898 1.60896 1.12471 22.3808 0.735756 6.23991 22.3809 0.774012 6.30418 22.5856 0.77401 6.3042 8.2798 1.60896 0.683508 8.27979 1.29339 1.12471 8.2798 1.60896 1.12471 9.62898 1.29356 1.12471 10.9239 0.629358 1.12471 7.3261 1.29326 1.12471 10.5694 1.4309 -1.5716 10.5694 1.65755 -1.11884 7.3261 1.65755 0.615506 9.62898 1.60896 0.68351 10.9239 0.629358 1.49929 7.57759 0.344947 1.49928 7.3261 0.629358 1.49928 7.3261 0.629358 1.12471 10.5694 1.29369 1.12471 10.5694 1.65755 0.615507 7.57759 -0.344949 1.8264 7.3261 1.4309 -1.5716 7.3261 1.65755 -1.11884 7.3261 -1.43091 -1.5716 7.3261 -1.65755 -1.11884 7.3261 -0.62936 1.12471 22.2633 -0.666219 -1.10339 21.6372 -0.666219 -2.29925 22.2633 0.666212 -2.29925 22.2633 0.666212 -1.10339 22.1197 0.457428 -0.825324 22.4327 0.457428 -1.10339 22.4327 -0.457435 -1.10339 21.9503 -0.666219 -0.825324 4.61526 -0.209968 -1.02963 4.61526 -0.209968 0.750653 5.10254 0.209967 1.26682 5.10254 -0.209968 1.26682 2.2121 -0.209967 1.26682 2.2121 0.209967 -0.770926 4.33344 0.209967 -0.770925 4.61526 0.209967 0.750653 4.61526 0.209967 -1.02963 2.05681 0.687483 -1.61996 2.05681 0.99202 -1.14518 2.40857 0.99202 1.50908 2.40857 -0.460529 1.50908 2.40857 0.46053 -1.15518 2.40857 0.99202 -1.13519 2.40857 0.687483 -1.61996 2.40857 -0.460529 -1.15518 2.40857 -0.687483 -1.61996 2.40857 -0.460529 -1.61996 2.40857 0.46053 -1.61996 2.05681 -0.687482 -1.61996 0.679999 -0.416939 -3.4902 0.498428 -0.862364 -3.4902 0.679999 0.41694 -3.4902 0.136515 0.41694 -6.62232 -0.124161 -0.901617 -6.51855 0.119578 -1.10266 -3.4902 0.119578 1.10266 -3.4902 0.498429 0.862364 -3.4902 0.830848 0.862364 -2.51297 0.453164 1.10266 -2.80298 0.372471 1.10266 -3.068 1.00828 -0.416939 -2.80281 0.826708 -0.862364 -2.8028 1.01242 0.416939 -2.51297 0.826708 0.862364 -2.8028 0.747106 0.862364 -3.07503 0.932699 0.41694 -3.06832 1.00828 0.416939 -2.80281 0.932699 -0.416939 -3.06832 0.830847 -0.862364 -2.51297 0.747106 -0.862364 -3.07503 0.453164 -1.10266 -2.80298 1.50482 -0.416939 -1.54172 1.01242 -0.416939 -2.51297 1.50482 0.416939 -1.54172 -1.76803 0.76613 -1.66208 -3.43818 0.723805 -3.67769 -3.72641 1.10266 -5.1324 -3.91313 1.10266 -6.23025 -4.30839 0.785963 -5.36002 -4.30839 0.785963 -6.13845 -4.49864 0.321462 -5.31424 -3.61111 0.321462 -3.60094 -1.92625 0.321462 -1.54285 -1.92625 -0.321461 -1.54285 -3.61111 -0.321461 -3.60094 -4.49864 -0.321461 -5.31424 -4.38067 0.321462 -4.92489 -4.19196 0.776647 -4.98342 -4.38067 -0.321461 -4.92489 -4.48055 -0.321461 -6.09617 -4.30839 -0.785961 -5.36002 -4.19196 -0.776645 -4.98342 -3.43818 -0.723803 -3.67769 -3.72641 -1.10266 -5.1324 -2.89685 -1.10266 -4.00979 -1.76803 -0.766129 -1.66208 -1.21311 -0.915786 -0.603328 -1.00613 -0.919272 -0.332396 -4.30839 -0.785961 -6.13845 -0.929216 -0.489915 0.151095 -0.708777 -0.876726 -0.05584299 -0.692226 -0.489915 0.519694 -0.509505 0.876727 0.329442 -0.692226 0.489915 0.519694 -1.24524 -0.489914 -0.104543 -1.24524 0.489915 -0.104543 -1.44636 -0.469627 -0.37411 -1.44636 0.469628 -0.37411 -1.21311 0.915787 -0.603328 -0.34447 1.10266 -0.359498 -0.708777 0.876727 -0.05584299 -1.00613 0.919273 -0.332396 -0.929215 0.489915 0.151095 -3.65624 -0.806277 -6.85109 -0.544491 -0.669215 -7.21569 -0.544491 -0.669587 -7.04435 -0.377022 -0.366169 -7.23865 -0.377022 0.36617 -7.23865 -0.377022 0.36617 -7.0858 -3.65624 0.806279 -6.85109 -3.85561 0.629785 -6.24482 -3.9872 -0.284362 -6.813 -3.85561 -0.629783 -6.24482 -3.65624 -0.806277 -6.29288 0.965874 -1.10266 -1.54172 2.05681 -1.10266 -1.54172 -0.152658 -1.10266 -0.03668695 -0.344471 -1.10266 -0.359498 -0.638422 -1.10266 -0.7728 0.468106 -1.10266 -2.51297 0.372471 -1.10266 -3.068 -1.39964 -1.10266 -1.95337 -3.87062 -1.10266 -5.48385 -3.91313 -1.10266 -6.23025 -0.272337 -1.10266 -7.11429 -0.712893 -1.10266 -6.23951 -1.29072 1.10266 1.13304 -1.29072 -1.10266 1.13304 -0.509505 -0.876726 0.329442 21.207 0.666212 -0.825324 23.0106 0.7614 5.58905 17.7895 0.7614 3.42978 23.1547 0.426286 3.79077 18.9565 0.426287 3.79077 23.0106 -0.761407 3.42985 23.1547 0.666906 3.53252 18.9565 0.426287 5.22813 18.9565 -0.426293 5.22813 23.1547 -0.426294 5.22813 17.7895 -0.761406 3.42975 17.7895 -0.761406 5.58926 23.0106 -0.761407 5.58905 23.1547 -0.666913 5.48638 18.9565 -0.426293 3.79077 23.1547 -0.426294 3.79077 23.1547 0.666906 5.48638 23.1547 0.426286 5.22813 -1.45444 0.575121 2.08093 -1.56559 0.575121 2.08093 -1.63492 -1.19012 2.08093 -1.56559 -0.57512 2.08093 -1.45444 -0.57512 2.08093 -1.45444 -1.18995 2.08093 1.58237 -1.18995 2.08093 20.9006 -0.958379 1.86709 23.0106 0.7614 3.42985 23.1547 -0.666913 3.53252 17.7895 0.7614 5.58926 4.33344 -0.209968 -0.770925 4.45762 0.209967 -1.02963 4.45762 -0.209968 -1.02963 2.2121 -0.209967 -0.770926 2.2121 0.209967 1.26682 2.05681 -0.99202 -1.14518 7.31232 -0.46053 1.50906 2.40857 0.46053 1.50908 2.05681 0.99202 1.50909 2.05681 -0.99202 1.50909 7.31232 -0.46053 -1.14631 2.40857 -0.99202 1.50908 2.40857 -0.99202 -1.13519 2.40857 0.46053 1.21081 7.31232 0.460529 1.50906 7.31232 0.460529 -1.14631 6.606 0.460529 -1.61996 6.26462 1.65958 2.08093 -3.9872 -0.284362 -6.21249 -4.48055 0.321462 -6.09617 -3.9872 0.284364 -6.21249 -0.544491 0.669587 -7.04435 0.149058 0.443909 -7.23459 -0.377022 -0.366169 -7.0858 0.149058 -0.443908 -7.23459 -0.845184 -0.806278 -6.9684 -0.103448 -0.575104 6.65965 19.6817 -0.226942 6.65965 21.8256 0.226936 6.65965 5.90567 1.54946 2.08093 20.6248 1.54946 5.03921 20.6248 1.54946 2.08079 20.9006 0.705797 5.99004 0.190657 0.85239 5.99003 7.3261 -0.62936 1.49928 10.9239 -0.629361 1.49929 10.7044 -0.344949 1.49929 22.4806 0.302746 2.37365 21.6863 -0.302752 2.02911 22.4806 -0.302752 1.86709 20.9006 -0.302752 2.37365 22.4806 -0.302753 2.23611 22.4806 -0.302753 2.37365 11.2889 -1.29241 -1.27512 22.4806 -0.468786 2.23612 21.6863 -0.302752 2.23611 21.6863 -0.468786 2.23612 22.4806 -0.1896449 2.92324 21.6863 -0.468786 2.92324 21.6863 -0.746686 2.02911 1.58237 1.30005 5.0392 -1.03885 1.30005 5.0392 5.28719 1.36467 2.08093 17.2759 1.56229 0.753116 -0.700444 0.774016 6.30418 -0.808776 0.73576 6.2399 21.1579 0.77401 6.3042 21.1264 0.735757 6.23991 21.3044 0.5751 6.65975 9.62898 -1.60897 1.12471 9.62898 -1.60897 0.68351 10.5694 -1.29369 1.12471 9.62898 -1.29357 1.12471 8.27979 -1.29339 1.12471 7.3261 -1.29326 1.12471 10.9239 -0.629361 1.12471 10.9239 -1.29369 1.12471 11.2889 1.2924 0.259333 11.2889 -1.29241 0.259333 10.9239 1.29369 1.12471 8.27979 -1.60897 0.683508 10.5694 -1.65755 0.615507 7.3261 -1.65755 0.615506 10.5694 -1.43091 -1.5716 7.57759 0.344947 1.8264 7.57759 -0.344949 1.49928 10.7044 -0.344949 1.8264 10.7044 0.344946 1.49929 10.7044 0.344946 1.8264 10.5694 1.2924 -1.27512 11.2889 1.2924 -1.27512 6.78559 -0.46053 1.21674 6.78559 0.460529 1.21674 -1.29072 -1.10266 1.50989 2.05681 -1.10266 1.50907 20.0329 0.767973 0.07194095 20.0329 0.465412 -0.695502 6.78559 0.460529 -0.817197 6.2978 0.460529 -1.15518 6.2978 -0.46053 -1.15518 11.8016 1.11419 -0.937 11.8337 1.00455 -1.01442 17.9468 1.11419 -0.936999 17.9775 -1.00455 -1.01442 17.9468 -1.1142 -0.936999 22.4806 -0.746686 2.02911 22.4806 -0.746686 3.05935 21.6863 -1.14264 5.63466 21.6863 -0.946451 5.9038 22.4806 -1.14264 5.63466 11.684 -0.37772 -0.66094 11.4544 -0.373987 -0.66094 11.0186 -0.373987 0.519967 11.0186 -0.373987 -1.57082 11.4544 -0.373987 -1.57082 10.5694 -1.65755 -1.11884 10.5694 -1.29241 -1.27512 6.606 -0.46053 -1.61996 6.78559 -0.46053 -0.817197 2.40857 -0.460529 1.21081 20.0329 1.00455 -1.01442 20.9006 0.865269 -0.825324 20.9006 0.956183 -0.742301 20.6248 1.00455 -1.01442 20.9006 -0.726735 -0.825324 20.9006 -0.865275 -0.825324 20.6248 -1.00455 -1.01442 20.0329 -1.00455 -1.01442 21.9503 0.666212 -0.825324 21.0699 0.457428 -0.825324 21.0699 -0.457434 -0.825324 22.1197 -0.457435 -0.825324 20.8605 0.457428 -1.111 20.8605 -0.457434 -1.111 21.207 -0.666219 -0.825324 20.9976 -0.666219 -1.111 20.9976 0.666212 -1.111 21.5641 0.457428 -2.45412 21.5641 -0.457434 -2.45412 21.6372 0.666212 -2.29925 22.4327 0.457428 -2.45412 22.4327 -0.457435 -2.45412 22.2633 -0.666219 -2.29925 1.32325 0.862364 -1.54172 1.32325 -0.862364 -1.54172 22.6468 0.726728 1.86709 22.4171 -0.958379 1.86709 22.4806 -0.2431499 3.18771 22.4806 -0.468786 3.18771 17.2759 0.767974 0.753116 20.0329 0.767973 0.753117 17.5463 0.767974 0.07194095 22.0089 -0.958379 -0.595451 22.1445 -0.726735 -0.825324 20.9006 0.726729 -0.825324 22.1445 0.726728 -0.825324 -1.4544 1.36467 1.50112 -1.4544 1.36467 2.08093 -1.63492 1.19012 1.50112 -1.63492 1.19012 2.08093 -1.4544 -1.36467 1.50112 -1.4544 -1.36467 2.08093 5.28719 -1.36467 1.50112 5.28719 -1.36467 2.08093 -0.04068398 -1.10266 -6.55423 0.136515 -0.416939 -6.62232 0.339671 -0.443908 -6.69502 0.339671 0.443909 -6.69502 -0.712893 1.10266 -6.23951 -0.124161 0.901617 -6.51855 -3.9872 0.284364 -6.813 -3.85561 -0.629783 -6.82809 -3.85561 0.629785 -6.82809 -0.845184 -0.806278 -7.17884 -0.544491 0.669215 -7.21569 -0.04068398 1.10266 -6.55423</float_array>
          <technique_common>
            <accessor source="#mesh0-mesh-positions-array" count="616" stride="3">
              <param name="X" type="float"/>
              <param name="Y" type="float"/>
              <param name="Z" type="float"/>
            </accessor>
          </technique_common>
        </source>
        <source id="mesh0-mesh-normals">
          <float_array id="mesh0-mesh-normals-array" count="3660">1 7.50999e-7 0 -3.17314e-7 0 -1 0.3937911 -0.7408981 0.5440576 0 0 1 -1 0 0 -0.4772877 -0.8226928 0.3088254 7.13788e-7 0.8593273 -0.5114263 1.40999e-7 0.5768179 -0.8168728 -1 -4.04482e-7 0 -1 0 0 -1 0 0 0.4145653 0.9100175 -0.001975536 0.4138345 0.9103522 0 3.60462e-7 1 0 3.60462e-7 1 0 0 1 0 0 1 0 0 1 1.41629e-7 0 1 1.62544e-7 0 1 0 0 1 0 0 1 0 0 1 0 0 1 0 0 1 0 0 1 0 0 1 0 0 1 0 0 1 0 0 1 0 0 1 0 0 1 -3.66695e-7 0 1 -3.73651e-7 -0.2457837 -0.002086997 -0.9693225 -0.2335711 -0.02698928 -0.9719651 -0.2359587 8.30958e-4 -0.9717628 -1.77422e-4 0 -1 0 -2.15913e-4 -1 0 1 0 0 1 1.92635e-7 1 -8.45851e-6 0 1 2.81413e-6 0 1 -1.02461e-5 0 1 6.22687e-7 0 1 -1.69911e-6 0 1 -2.81588e-6 0 1 0 0 1 -1.25886e-7 0 1 -3.92842e-7 0 1 2.44664e-7 0 1 -2.01745e-6 0 1 9.46688e-7 0 1 2.6156e-6 0 1 3.70433e-6 0 1 -6.11095e-6 0 1 3.355e-7 0 -5.96715e-7 2.15915e-4 -1 -1.79083e-4 0 -1 -2.63524e-6 -1 -2.26126e-6 -4.35359e-6 -1 -1.82778e-7 -1.45093e-6 0 -1 1.39254e-6 0 -1 -1.64844e-7 -1 0 -1.64844e-7 -1 0 0 1 0 0 1 0 -1 -2.07943e-6 0 -0.9999991 -4.33025e-4 0.001286208 -0.999999 0.001256763 -7.71442e-4 1 3.35499e-7 0 1 -1.79802e-6 0 1 -1.71259e-6 0 1 8.7629e-7 0 1 6.54148e-6 0 1 -1.50978e-6 0 1 1.41496e-6 0 1 0 0 1 -4.83699e-7 0 1 0 0 1 -2.12157e-7 0 1 3.78032e-7 0 1 -2.01745e-6 0 1 7.93022e-7 0 1 -2.81587e-6 0 1 -2.61163e-6 0 1 3.03275e-6 0 1 -1.37083e-5 0 1 5.7171e-6 0 1 -8.45851e-6 0 -2.64288e-7 -0.444396 -0.8958305 -1.63167e-4 -0.4449717 -0.8955447 -7.37286e-7 -0.4446485 -0.8957052 2.71824e-7 0 1 -3.44735e-7 0 1 -1.82316e-6 -0.9601316 0.2795485 -1.52881e-6 -0.9601314 0.2795494 -1 -8.90235e-7 0 -1 8.90238e-7 0 -4.65684e-7 -1 0 0 -1 6.49002e-6 -1.23792e-6 -1 0 -0.7746554 -1.34318e-4 -0.6323837 -0.7738699 0.001416265 -0.633343 -0.7732864 3.21181e-7 -0.634057 -0.7732864 -2.17578e-7 -0.6340571 -0.7746502 -0.003319621 -0.6323813 -0.773871 1.31738e-4 -0.6333435 1 -7.09359e-7 1.52386e-4 0.9999998 4.93656e-4 -2.90359e-4 1 -3.85814e-6 -4.77131e-4 0.9999999 5.38889e-7 -4.77133e-4 0.9999999 -5.38888e-7 -4.77132e-4 1 7.09359e-7 1.52386e-4 0.9999999 -5.01165e-4 -2.90358e-4 0.9999999 -3.85815e-6 -4.77133e-4 0 0 -1 0 0 -1 -0.6639639 0 -0.7477647 -0.6639646 0 -0.7477641 -2.0301e-4 3.83084e-4 1 -4.87889e-7 1.81052e-4 1 -2.41146e-6 3.25026e-4 1 -1 1.52674e-6 0 -1 8.88536e-6 0 -1 1.56678e-6 0 -1 -8.37917e-6 0 -1 -2.32442e-6 0 1.0168e-4 -0.1692442 -0.9855741 0 -0.1693021 -0.9855643 -1.52407e-7 -0.1693023 -0.9855642 1 1.44774e-5 0 1 6.97551e-7 0 1 -1.76771e-6 0 1 4.69079e-6 0 1 5.61279e-6 0 1 -1.47208e-5 0 1 1.47208e-5 0 1 4.44393e-6 0 1 5.42394e-6 0 1 -5.51442e-6 0 3.53811e-7 0 1 -3.53811e-7 0 1 -0.6319282 -8.64816e-7 0.775027 -0.6319286 8.64817e-7 0.7750266 -3.13749e-4 0 1 -3.13899e-4 0 1 0 -1 0 0 -1 -1.31584e-7 0 -1 0 0 -1 0 0 -1 0 0 -1 0 0 -1 0 -4.30653e-6 -1 1.58327e-5 -5.77143e-6 -1 1.5412e-5 0 -1 6.6726e-5 0 -1 3.61623e-5 0 -1 0 -2.55954e-5 -1 4.29958e-5 -1.82077e-7 -1 3.52572e-5 2.41759e-7 -1 -2.2308e-7 0 -1 0 0 -1 0 0 -1 0 0 -1 0 0 -1 1.84443e-7 0 -1 -1.46807e-7 0 -1 0 0 -1 0 0 -1 0 0 -1 0 0 -1 1.25229e-7 0 -1 -3.21206e-7 0 -1 0 0 -1 1.32123e-7 0 -1 0 -1 0 0 -1 2.46418e-7 0 -1 -2.46418e-7 0 -1 0 0 -1 0 0 -1 2.46229e-7 0 -1 -2.3281e-7 0 -1 0 0 -1 0 0 0 0 1 0 0 1 0 -1 0 0 -1 0 -0.5020007 0 0.8648672 -0.5020007 0 0.8648673 -1 -1.4382e-7 0 -1 1.4382e-7 0 -0.9247385 0 -0.3806031 -0.9247385 0 -0.3806031 -0.9898633 0 -0.1420238 -0.9898633 0 -0.1420238 -0.5130267 0 -0.8583728 -0.5128573 4.42019e-4 -0.8584738 -0.5130261 1.45361e-6 -0.8583732 -1 2.72418e-6 0 -1 0 8.38492e-6 1 4.57043e-7 0 1 -4.57043e-7 0 1.96059e-7 0 -1 -5.54871e-7 0 -1 0 0 -1 0 0 -1 0 0 -1 0 0 -1 -0.36116 0 -0.9325039 -0.361185 -2.36011e-5 -0.9324943 -3.75483e-6 -2.53678e-5 -1 0 0 -1 0 -2.92137e-5 -1 4.28182e-6 -4.85735e-5 -1 -0.817252 -0.5762805 0 -0.8172521 -0.5762803 0 -0.4754999 -0.3352958 0.8133121 0 -0.5617539 0.8273044 6.21725e-5 -0.5616195 0.8273956 0 0 -1 0 0 -1 0 0 -1 0 0 -1 0 0 -1 0 0 -1 -1 3.47767e-7 0 -1 -3.47767e-7 0 1 3.75829e-6 0 1 -3.36718e-6 0 1 7.50997e-7 0 1 5.52709e-7 0 1 -9.2908e-7 0 1 -4.31086e-7 0 1 -9.29081e-7 0 1 1.94495e-7 0 1 -1.63446e-7 0 1 1.94825e-6 0 1 -2.29863e-6 0 1 -2.79e-6 0 1 -1.84183e-6 0 1 -3.57735e-6 0 1 0 0 1 -1.18656e-6 0 1 2.4639e-6 0 1 4.2855e-6 0 1 3.55356e-6 0 1 6.82771e-6 0 1 -3.51499e-6 0 1 2.57709e-6 0 1 -2.5771e-6 0 1 -3.51499e-6 0 1 1.22906e-6 0 1 6.82731e-6 0 1 4.17033e-6 0 1 3.21826e-6 0 1 -2.13413e-6 0 1 -1.26007e-6 0 1 1.26007e-6 0 1 1.12493e-6 0 1 -3.73985e-6 0 1 -1.89394e-6 0 1 4.54618e-6 0 1 -2.29863e-6 0 1 1.94826e-6 0 5.83254e-7 0 1 9.74585e-6 0 1 9.50356e-6 3.0993e-5 1 -1 3.67167e-7 0 -1 -3.31034e-7 0 -1 -4.25588e-7 0 -1 1.01885e-6 0 -1 -3.74167e-6 0 -1 -1.71827e-6 0 -1 8.00569e-7 0 3.17314e-7 0 -1 0 0 -1 0 0 -1 0 0 -1 0 0 -1 1.64844e-7 1 0 1.64844e-7 1 0 -0.003440976 -0.8088788 0.5879654 -4.09763e-7 -0.806488 0.5912505 -3.11591e-7 -0.8064889 0.5912492 0.3913703 -0.7421572 0.5440883 0.4664572 -0.8845424 0.001557767 0.453228 -0.8913947 0 0 -1 0 0 -1 0 0 -1 0 0 -1 0 3.94006e-7 0 -1 3.68082e-7 0 -1 4.93361e-7 0 -1 4.84005e-7 0 -1 -2.49197e-7 -0.9303116 -0.3667701 0 -0.9303115 -0.3667708 0 -1 0 0 -1 0 0 -1 0 0 -1 0 3.91626e-6 1 -1.10012e-5 0 1 -1.30596e-7 0 1 1.70032e-7 0 1 -1.70032e-7 1 3.01705e-6 0 1 -3.01705e-6 0 -1 -4.84331e-6 0 -1 5.9918e-6 0 -1 9.52606e-6 0 -1 1.34188e-6 0 -1 7.16175e-7 0 -1 6.05706e-7 0 -1 -5.96584e-6 0 -1 -2.78668e-6 0 -1 -1.97704e-6 0 -1 -5.65488e-6 0 -1 -5.38887e-6 0 -1 1.7904e-6 0 -1 -1.07112e-6 0 -1 1.26374e-6 0 0 -0.9822878 -0.1873785 -5.81855e-7 -0.9822883 -0.1873764 -0.002108335 -0.9810051 -0.1939707 -3.74466e-5 -0.9801429 -0.1982926 0 -0.9800843 -0.1985824 0 -0.9800842 -0.1985828 0.9293987 1.25825e-6 0.3690774 0.9294479 -1.45908e-6 0.3689534 0.9294497 -4.17932e-6 0.3689489 0.9294578 6.65207e-5 0.3689285 0.9293987 -5.25587e-7 0.3690772 0.9295887 1.27926e-7 0.3685986 0.9295888 -1.41889e-7 0.3685985 0 0 1 0 0 1 0 0 1 0 0 1 0 0 1 0 0 1 0.6721214 -0.74044 0.001275002 -0.286275 -0.9581432 0.00287187 -0.2932922 -0.9560229 1.49231e-7 0 -1 0 0 -1 0 0 -1 -1.6195e-7 0.6696779 -0.7426518 0 0.6570942 -0.7286934 -0.192959 0.5863484 -0.7870044 -0.1918853 0 -0.9666824 -0.255979 -1.05293e-4 -0.9665935 -0.2563146 0 -0.9670408 -0.2546213 0 -0.9670404 -0.2546233 0.001103281 -0.9666031 -0.2562758 0 -0.9666823 -0.2559794 -1 -3.73499e-7 0 -1 3.73499e-7 0 -2.4281e-7 0 1 0 0 1 -1.31925e-7 0 -1 0 0 -1 1 -8.90139e-7 0 1 8.90139e-7 0 2.86254e-7 0 -1 -2.86254e-7 0 -1 -0.5102955 0 0.8599992 -0.5114049 -8.20167e-4 0.8593396 -0.5114051 0 0.8593398 -0.5102932 0 0.8600005 -0.5102922 0 0.8600011 -0.5114051 0 0.8593399 -0.5114051 8.20147e-4 0.8593394 -0.5102912 0 0.8600018 -3.2204e-6 0 -1 3.22355e-6 0 -1 7.6872e-7 -0.8592919 -0.5114856 5.89934e-5 -0.859377 -0.5113428 3.86712e-7 -0.8593271 -0.5114264 0 -0.8593745 -0.5113468 1.97271e-6 0 1 -1.97271e-6 0 1 0.9204948 0.01963829 -0.3902613 0.8980012 4.82517e-7 -0.4399931 4.60599e-7 0 -1 4.86575e-7 0 -1 -2.41821e-6 -0.8726636 0.4883218 -5.36175e-7 -0.8727133 0.4882332 -1 -1.189e-6 0 -1 -8.19362e-6 0 -1 1.39138e-6 0 -1 -8.88525e-6 0 -1 3.23553e-6 0 -0.9237473 1.5456e-7 -0.3830027 -0.9237474 -1.3935e-7 -0.3830023 -0.9200429 -1.86967e-5 -0.3918178 -0.9200429 1.85554e-5 -0.3918178 -0.920256 0.002578496 -0.3913085 -0.9197363 -2.76451e-4 -0.3925368 -0.9200031 -2.84345e-7 -0.3919112 -0.9200031 8.38761e-7 -0.3919112 -0.9197363 2.77482e-4 -0.3925369 -0.920256 -0.002578556 -0.3913084 -0.9206548 -2.44416e-7 -0.3903777 -0.9206548 4.12382e-7 -0.3903778 2.71824e-7 0 1 -2.71824e-7 0 1 1.55768e-7 0.9601313 0.2795496 -1.55768e-7 0.9601317 0.2795484 0 1 0 0 1 -1.35687e-7 0 1 0 0.7100808 -0.7041203 0 0.7100793 0.7041218 0 0.7100811 0.70412 0 1 0 0 1 0 0 0.7100797 -0.7041214 0 0.6293374 -0.66426 -0.4033524 0.6043571 -0.7108356 -0.3598129 0.8592451 5.71759e-7 -0.5115642 0.8592451 -5.71759e-7 -0.5115642 0.6043575 0.7108352 -0.3598131 0.6293367 0.6642611 -0.4033519 -2.4143e-6 -3.25026e-4 1 -5.07275e-7 -1.81052e-4 1 -2.04677e-4 -3.83084e-4 1 -1 0 0 -1 0 0 0 0 1 0 1 0 0 1 0 -1 0 0 -1 0 0 -0.5130264 0 -0.8583729 -0.5128573 -4.42149e-4 -0.8584738 -0.513027 0 -0.8583725 -3.91057e-5 -0.8726114 0.4884154 -1.03604e-4 -0.872655 0.4883372 -2.05921e-7 -0.8726929 0.4882697 0 1 0 0 1 0 -0.3611601 0 -0.9325039 -0.361185 2.34874e-5 -0.9324942 -3.80413e-6 2.53677e-5 -1 0 2.92136e-5 -1 4.25301e-6 4.85738e-5 -1 0 0 -1 0 -1 0 3.43404e-6 -1 -9.62451e-6 -2.81634e-7 -1 0 -2.81634e-7 -1 0 1 -3.01705e-6 0 1 3.01705e-6 0 0 0 1 0 0 1 0 1 0 0 1 0 -0.01625609 0.9998499 -0.005999147 -9.97474e-4 0.9999962 0.00259906 5.68437e-7 0.4446474 -0.8957058 -1.61711e-4 0.444969 -0.895546 3.47647e-7 0.4443963 -0.8958303 -3.17313e-7 0 -1 -3.50567e-7 0 -1 -1 5.99178e-6 0 -1 -4.84331e-6 0 -1 1.26374e-6 0 -1 -1.07111e-6 0 -1 -1.5339e-6 0 -1 -5.39499e-6 0 -1 -6.08311e-6 0 -1 -3.70502e-6 0 -1 -1.18198e-6 0 -1 -8.11093e-6 0 -1 -6.50651e-6 0 -1 -3.44674e-7 0 -1 7.16174e-7 0 -1 9.52572e-6 0 0 1 0 0 1 -1.72586e-7 0 1 0 0 1 0 0 1 0 0 1 0 0 1 -1.36598e-7 -4.30653e-6 1 1.58126e-5 -5.77143e-6 1 1.51702e-5 0 1 6.68145e-5 0 1 3.60106e-5 0 1 0 -2.55953e-5 1 4.33608e-5 1.35849e-7 1 3.64595e-5 5.78493e-7 1 -4.0448e-7 0 1 1.97502e-7 1.81019e-6 1 -2.03884e-7 1.81007e-6 1 1.83004e-7 6.35904e-7 1 -1.83665e-6 0 1 0 0 1 6.14265e-7 0 1 0 0 1 0 0 1 0 0 1 0 8.0765e-7 1 -1.48138e-6 8.07652e-7 1 -3.13234e-7 0 1 7.60079e-6 1.4492e-6 1 0 0 1 2.45881e-6 -1 0 0 -1 2.3281e-7 0 -1 2.46229e-7 0 -1 0 0 -1 0 0 0 0.9800822 -0.1985925 0 0.9800821 -0.1985927 -3.91288e-5 0.9801435 -0.19829 -0.002107501 0.9810046 -0.193973 0 0.9822878 -0.1873788 0 0.9822879 -0.1873782 0 1 0 -6.41315e-7 1 3.78966e-6 -1.28965e-6 1 0 1.00941e-6 1 -4.88034e-6 0 1 -1.20924e-7 0 1 0 0 1 0 0 1 0 0 1 0 -5.19363e-7 0 1 5.19363e-7 0 1 2.5416e-7 0.8080959 0.5890509 -2.54159e-7 0.8080965 0.5890504 0 1 0 0 1 0 -1.85328e-7 0.6005515 -0.7995862 1.85328e-7 0.6005518 -0.7995859 0 1 0 0 1 0 -1.23817e-6 -1 0 -1.23817e-6 -1 0 0 -6.03105e-5 1 1.40688e-7 -6.03109e-5 1 0 0 -1 0 0 -1 0 0 -1 0 0 -1 -1.20065e-6 -1 4.14349e-6 0 -1 3.71022e-6 -2.29719e-7 -0.5856112 0.8105921 -6.67918e-7 -0.5856129 0.810591 -2.23455e-7 0 1 -1.73777e-7 0 1 0 -1 0 0 -1 0 1.04776e-4 0.1692447 -0.9855741 0 0.1693023 -0.9855642 0 0.1693021 -0.9855642 0 0.9666824 -0.2559789 -1.05294e-4 0.9665935 -0.2563146 0 0.9670408 -0.2546215 0 0.9670405 -0.2546231 0.001103281 0.9666031 -0.256276 0 0.9666823 -0.2559792 0 1 0 0 1 1.61751e-7 0 1 -2.15844e-7 -0.2888582 0.9573719 0 -0.286275 0.9581432 0.00287199 -0.2932926 0.9560227 1.49231e-7 2.14889e-6 1 0 6.97247e-7 1 -6.94973e-6 0 1 1.31817e-7 0.6696657 0.7426627 0 0.657079 0.7287063 -0.1929623 0.5863457 0.7870053 -0.1918895 0.6721054 0.7404544 0.001274883 1 -1.63951e-6 0 -0.9999989 -0.001235544 -7.71443e-4 -0.9999992 4.32395e-4 0.001286208 -1 1.11533e-6 0 -1 3.00226e-5 0 3.15973e-6 0 -1 -3.15664e-6 0 -1 5.75045e-5 0.8593726 -0.5113499 -7.68718e-7 0.8592919 -0.5114855 -1.02231e-6 0.8726939 0.4882678 -1.03112e-4 0.8726539 0.4883392 -3.97238e-5 0.8726129 0.4884124 0 1 -1.62002e-7 0 1 1.62001e-7 0 0 1 0 0 1 0 0 1 0 0 1 0 0 1 2.45814e-7 0 1 -8.67275e-7 0.81363 0.5813832 -5.05709e-5 0.8133004 0.5818442 -1.10846e-4 0.8133621 0.5817577 0 0.8942139 -0.4476401 0 0.8942138 -0.4476402 0 1 0 0 1 0 -1.84128e-7 0.8136414 0.5813672 1.99649e-5 0.8135092 0.5815521 -1.12479e-4 0.8136248 0.5813903 3.24062e-7 1 0 3.24062e-7 1 0 -2.79086e-6 -2.46109e-6 1 -3.2247e-6 2.47157e-6 1 0 1 1.65345e-7 0 1 -1.6535e-7 1 1.72782e-6 0 1 -8.4283e-7 0 1 1.15129e-6 0 -1 -7.541e-7 0 -1 7.54101e-7 0 -1 5.76887e-7 0 -1 1.14075e-6 0 -1 -1.30345e-7 0 -1 1.30345e-7 0 -1 -6.51278e-7 0 -1 2.47285e-7 0 -1 0 0 -1 1.03139e-6 0 -1 5.76889e-7 0 0 -1 0 0 -1 0 0 -1 0 0 -1 0 0 0 -1 0 0 -1 1 7.5318e-7 0 1 -7.5318e-7 0 0.7765439 0.6300632 0 0.7765479 0.6300584 0 0.5846704 0.4743777 0.6581234 0.5846714 0.4743752 0.6581243 0.6641557 -1.15384e-6 0.7475944 0.6641557 1.15384e-6 0.7475944 0.5846697 -0.47438 0.6581223 0.5846704 -0.4743775 0.6581235 0.7765448 -0.6300623 0 0.7765467 -0.6300597 0 1 0 0 1 0 0 0.7271614 -2.34483e-7 -0.6864666 0.7271614 2.34482e-7 -0.6864666 -3.45407e-7 -1 3.6701e-7 0 -1 0 0 -1 0 -3.99549e-7 -1 0 -4.70636e-7 -1 0 0 1 0 0 1 0 0 1 0 0 1 0 0 1 1.2145e-7 0 0.8467748 -0.5319516 0.0153315 0.8416264 -0.5398427 0 1 0 0 1 0 1 1.98539e-7 0 1 1.98538e-7 0 1 -3.23906e-7 0 1 -1.86908e-7 0 1 1.86908e-7 0 1 -3.09425e-7 0 1 0 0 1 -1.98104e-7 0 1 1.08099e-6 0 1 0 0 1 -1.96974e-7 0 1 1.08098e-6 0 0 0 -1 0 0 -1 0.5569535 0 -0.8305438 0.5569534 0 -0.8305438 -2.90105e-7 0 -1 0 0 -1 -4.91899e-7 0 -1 0 0 -1 0.5306536 -0.8320463 -0.1615727 0.8097882 -0.3301033 -0.4850515 0.8097918 -0.3300998 -0.4850479 0.5100198 -0.8040865 -0.305491 0.5100151 -0.8040886 -0.3054934 0.9142913 0.3726963 -0.1586474 0.9852772 0 -0.1709648 0.9852772 0 -0.1709648 0.9142909 -0.3726974 -0.1586473 0.8525216 -0.4946665 -0.1688554 0.5330063 -0.8403364 -0.09868675 0.2850732 -0.9546113 -0.08631807 0.852521 0.4946674 -0.1688556 0.5330052 0.840337 -0.09868669 0.5100141 0.8040893 -0.3054931 0.2850731 0.9546113 -0.08631807 0.8382406 0.3416949 -0.4249675 0.838239 0.3416979 -0.4249684 0.5369144 0.7985163 -0.2722036 0.5313859 0.8021608 -0.2723364 0.5522429 0.8336461 -0.007888436 0.5408129 0.8406813 -0.02786409 0.5338734 0.8297927 -0.162553 0.5312758 0.8328343 -0.1553488 0.51002 0.8040868 -0.3054898 0.8097929 0.3300989 -0.4850466 0.9259369 -0.3774468 -0.01322591 0.9998981 0 -0.01428234 0.9998981 0 -0.01428234 0.9259371 0.3774462 -0.01322591 0.9259368 0.377447 -0.01322615 0.8938282 0.3643639 -0.2613619 0.8940383 0.3686818 -0.2544984 0.8097876 0.3301044 -0.4850516 0.8578767 0 -0.5138558 0.8578765 0 -0.5138561 0.8954282 -0.365016 -0.2548953 0.9617906 -1.2248e-7 -0.2737863 0.9617906 1.2248e-7 -0.2737864 0.9259363 -0.3774483 -0.01322311 0.8924799 -0.3679342 -0.2609678 0.5344203 -0.8306475 -0.1562682 0.5409998 -0.8409872 -0.007725715 0.5520377 -0.8333339 -0.02844208 0.5313868 -0.80216 -0.272337 0.5369143 -0.7985163 -0.2722039 0.8382384 -0.341699 -0.4249687 0.8382406 -0.341695 -0.4249676 0.8919246 0 -0.4521841 0.8919247 0 -0.452184 -0.4910323 0.8115691 0.316612 -0.4711305 0.8126362 0.3430141 -0.7076233 0.4067116 0.5778019 -0.4051058 0.8573063 0.3176716 -0.4131523 0.8579605 0.3053016 -0.7047229 0.4129475 0.576923 -0.7772643 0.4229328 0.4658197 -0.4772859 0.8226943 0.3088243 -0.5240914 0.8318552 0.1826062 -0.5308632 0.8189842 0.2178286 -0.5796688 0.8141832 0.03301393 -0.6252833 0.7803979 0 -0.9253883 0.3790204 0 -0.9380894 0.3457129 -0.021703 -0.9997325 0 -0.02312916 -0.7962381 0.3896162 0.4628219 -0.9250555 0 0.379832 -0.7737789 -1.19841e-7 0.6334559 -0.773779 1.19841e-7 0.6334558 -0.8645578 -4.42174e-7 0.5025336 -0.8645579 4.42174e-7 0.5025334 -0.9570346 1.5329e-7 0.289974 -0.9570346 -1.5329e-7 0.2899738 -0.877902 0.3981629 0.2659974 -0.8780589 0.3873342 0.2810426 -0.9997325 0 -0.02312916 -0.9259143 -0.3771259 -0.02142137 -0.8821913 -0.3876736 0.2672972 -0.8735653 -0.3981557 0.279921 -0.7962381 -0.3896165 0.4628219 -0.7772642 -0.4229331 0.4658198 -0.7047228 -0.4129479 0.5769228 -0.7076234 -0.4067116 0.5778017 -0.8677676 -0.3910123 0.3067391 -0.7621638 -0.5628151 0.3199151 -0.9376681 -0.3475324 0 -0.5861374 -0.8102118 0 -0.5404151 -0.8202716 0.1873663 -0.5144643 -0.8311219 0.2110996 -0.4131542 -0.8579592 0.3053029 -0.4051074 -0.8573052 0.3176726 -0.4711313 -0.8126354 0.3430148 -0.4910332 -0.8115683 0.3166125 -0.3027402 -0.952771 0.02399784 -0.2549435 -0.9495685 0.1825478 -0.2557149 -0.9494908 0.1818711 -0.2316195 -0.89278 0.3863888 -0.61989 -0.7838942 0.0353046 -0.6705486 -0.584969 0.456263 -0.6351889 -0.6071093 0.4774446 -0.5000352 -0.6065117 0.6181492 -0.490127 -0.6115854 0.6210789 -0.6668868 -0.6094384 0.4287737 -0.7462499 -0.5423483 0.3859657 -0.3894743 -0.8987392 0.2014388 -0.3576787 -0.9093385 0.2125313 -0.8411437 0 0.5408117 -0.3576781 0.9093391 0.2125296 -0.3894723 0.8987404 0.2014377 -0.7462505 0.5423473 0.385966 -0.6668891 0.6094362 0.4287734 -0.8411448 8.65096e-7 0.5408102 -0.6289133 6.42485e-7 0.7774756 -0.6289145 0 0.7774746 -0.8015035 0 0.5979901 -0.8015035 0 0.5979902 -0.9250556 0 0.379832 -0.8677675 0.3910124 0.3067391 -0.7621638 0.5628151 0.3199151 -0.3027389 0.9527715 0.02399694 -0.2549422 0.9495689 0.1825468 -0.2557132 0.9494914 0.1818704 -0.2316182 0.892781 0.3863876 -0.490128 0.6115835 0.6210798 -0.5000331 0.6065114 0.6181512 -0.6596662 0.6044145 0.4466807 -0.6464855 0.5878325 0.4863226 -3.60462e-7 -1 0 -3.60461e-7 -1 0 0.4138333 -0.9103527 0 0.414565 -0.9100176 -0.001975715 0.875436 -0.4833331 -0.00104928 0.8752472 -0.4836759 0 1 0 0 1 0 0 0.8752453 0.4836792 0 0.8754359 0.4833331 -0.001049399 -0.6628431 0.7487583 0 -0.6628441 0.7487574 0 -0.9344869 0.3559976 0 -0.9344868 0.3559981 0 -1 2.97312e-7 0 -1 -2.97311e-7 0 -0.9344869 -0.3559978 0 -0.9344867 -0.3559983 0 -0.6628449 -0.7487568 0 -0.662844 -0.7487576 0 0 -1 0 0 -1 0 0 -1 0 0 -1 0 0 -1 0 0 -1 0 0 -1 0 0 -1 0 0 -1 -4.39658e-7 0 -1 0 0 -1 0 0 -1 0 0 -1 0 0 -1 0 0 -1 0 0 -1 0 0 -1 0 0 -1 0 -0.7167401 0.001996159 -0.6973376 -0.7175282 -0.003636896 -0.6965201 -0.7157192 0 -0.6983883 -0.7157192 0 -0.6983882 -0.7175282 0.003637015 -0.69652 -0.7167401 -0.001996099 -0.6973376 0 1 0 0 1 0 0 1 0 0 1 0 0 1 0 0 1 0 -2.34262e-7 -1 0 -2.34262e-7 -1 0 0 0 1 0 0 1 1.34026e-5 1.97272e-5 -1 1.91451e-5 0 -1 -1 1.72947e-7 0 -1 0 0 0.5483674 0.8362375 0 0.5483701 0.8362358 0 0 0 -1 0 0 -1 1 0 0 1 0 0 0.5802714 4.8154e-7 0.8144233 0.5802698 -4.21779e-7 0.8144243 -1.94074e-7 -1 0 -1.94074e-7 -1 0 0.5483695 -0.8362363 0 0.5483685 -0.8362368 0 2.4136e-7 1 0 2.4136e-7 1 0 1 0 0 1 -1.31592e-7 0 1 4.11863e-6 0 1 -4.26564e-6 0 1 1.96225e-6 0 1 -1.25427e-6 0 1 -3.71081e-6 0 1 3.71047e-6 0 -3.25883e-7 0 1 -5.63788e-7 0 1 -1.15598e-6 0 1 -9.65926e-7 0 1 -1.06576e-6 0 1 -1.24332e-6 0 1 0 0 1 -8.54906e-7 0 1 0 0 1 0 0 1 0 -1 0 0 -1 0 0 -1 0 0.5802685 2.75511e-7 -0.8144253 0.5802694 -3.14548e-7 -0.8144247 4.01074e-5 0 1 4.02431e-5 0 1 -0.901521 8.4886e-7 -0.4327353 -0.9015211 -8.4886e-7 -0.4327352 3.61178e-7 0 -1 -3.61178e-7 0 -1 0 0 1 0 0 1 4.70258e-7 0 -1 4.54834e-7 0 -1 -1 4.16595e-7 0 -1 -4.16595e-7 0 -1 0 0 -1 0 0 4.06334e-6 0 1 4.06581e-6 0 1 2.86577e-5 0 1 2.82347e-5 0 1 2.88461e-5 0 1 2.84388e-5 0 1 1 -3.02855e-7 0 1 3.02855e-7 0 -1 0 0 -1 0 0 0 -1 0 0 -1 0 0.01533162 -0.8416258 -0.5398435 -2.40945e-6 -0.8467745 -0.531952 2.00556e-7 1 0 2.25241e-7 1 -4.67638e-7 0 1 0 0 1 0 0 1 0 0 1 0 2.52872e-7 1 1.67045e-7 2.34304e-7 1 0 6.81443e-7 0 1 9.74982e-6 0 1 9.51046e-6 -3.0993e-5 1 -0.2279577 -0.002271115 -0.9736684 -0.229852 0.00352627 -0.9732192 -0.2297274 0.003442108 -0.973249 -0.2294833 0 -0.9733126 -0.2294821 0 -0.9733129 -0.2297269 -0.003441989 -0.973249 -0.2298504 -0.003526449 -0.9732196 -0.2279573 0.002271115 -0.9736685 -0.2354416 0.001306056 -0.9718877 -0.2618792 0.00871706 -0.9650614 -0.2697375 -0.01735347 -0.9627776 -0.2721532 0 -0.962254 -0.272153 0 -0.9622541 -0.2697356 0.01735341 -0.9627781 -0.2618797 -0.00871706 -0.9650612 -0.2457845 0.002087056 -0.9693223 -0.2335709 0.02698951 -0.9719652 -0.2359588 -8.30868e-4 -0.9717627 -0.2354401 -0.001305937 -0.971888 5.56641e-4 -5.45093e-4 0.9999997 -4.68816e-6 2.94613e-4 1 -2.30207e-7 0 1 0 0 1 0 0 1 0 0 1 -4.64881e-6 -2.94613e-4 1 5.57127e-4 5.45095e-4 0.9999997 0 1 0 0 1 0 0 1 0 0 1 0 0.4532288 0.8913943 0 0.4664556 0.8845433 0.001557767 0.3913686 0.7421568 0.5440901 0.3937912 0.7408942 0.5440627 -3.01861e-7 0.8064866 0.5912526 -1.27358e-7 0.8064883 0.5912503 -0.003446519 0.8088814 0.5879618 1.33217e-7 0 1 -3.06119e-7 0 1 -2.75923e-6 2.46108e-6 1 -3.2285e-6 -2.47158e-6 1 0 0 1 -1.30444e-7 0 1 0 0 -1 0 0 -1 0 0 1 0 0 1 1 -1.96746e-6 0 1 1.96746e-6 0 0 -1 0 0 -1 0 0 -1 0 0 -1 0 -6.41316e-7 -1 -3.74148e-6 -1.27568e-6 -1 0 0 -0.9999999 -5.33335e-4 0.0017789 -0.9999985 0 0 -0.9999989 -0.00147891 0 1 0 0 1 0 -1.40688e-7 6.03109e-5 1 1.53301e-7 6.03103e-5 1 -2.01094e-7 0 -1 2.01094e-7 0 -1 0 0 -1 0 0 -1 6.20809e-5 0.5616201 0.8273953 0 0.5617545 0.8273041 -0.4754996 0.3352962 0.8133121 -0.8172517 0.576281 0 -0.8172517 0.576281 0 0 0 -1 0 0 -1 0.9294579 -6.23086e-5 0.3689286 0.9294498 5.85291e-6 0.3689489 0.9294479 -1.45909e-6 0.3689534 3.94742e-7 0 -1 3.84027e-7 0 -1 3.43288e-7 0.8593805 -0.5113368 0.8980042 4.8251e-7 -0.439987 0.9204946 -0.0196377 -0.3902617 4.35404e-7 0 -1 4.77611e-7 0 -1 -2.03871e-7 0.8727133 0.488233 -2.11737e-6 0.8726628 0.4883233 0 -1 -1.81518e-7 0 -1 1.81519e-7 0 0 1 0 0 1 1.26609e-7 0 1 0 0 1 0 0 1 0 0 1 0 0 1 0.9213952 -6.8034e-7 0.3886272 0.9213952 -3.59071e-7 0.3886272 1 0 0 1 0 0 1 4.72858e-7 0 1 -4.72858e-7 0 0.9213951 1.74856e-7 0.3886272 0.9213952 -6.80337e-7 0.3886272 -1.10785e-4 -0.8133533 0.5817703 -5.90794e-5 -0.8133005 0.581844 -8.7312e-7 -0.8136877 0.5813024 -1.03848e-4 -0.8136252 0.5813898 2.86842e-5 -0.813509 0.5815525 -1.8655e-7 -0.8136984 0.5812873 0 -1 0 0 -1 0 0 -0.8942217 -0.4476245 0 -0.8942217 -0.4476245 0 0 1 0 0 1 0 -1 0 0 -1 0 1 -3.60824e-7 0 1 3.60824e-7 0 -2.81639e-7 -1 0 -2.81638e-7 -1 0 0 0 -1 0 0 -1 0.001354753 0 -0.9999992 0.001354813 0 -0.9999992 -1 0 0 -1 0 0 2.44955e-4 0 1 2.4497e-4 0 1 1 0 0 1 0 0 -1 8.00573e-7 0 -1 2.25646e-6 0 -1 2.7204e-6 0 0 0.9999989 -0.001490592 0.001792848 0.9999985 0 0 0.9999999 -5.3755e-4 -0.5695317 0 0.8219695 -0.5695317 0 0.8219694 0 0 1 0 0 1 0 0.5768227 -0.8168695 0 0 -1 0 0 -1 0 -0.5767877 -0.8168942 1.31829e-7 -0.5767824 -0.8168979 0 -1 0 0 -1 0 0 -0.6005491 -0.799588 0 -0.6005479 -0.7995889 0 -1 0 0 -1 0 -4.39119e-7 -0.8080925 0.5890558 4.39119e-7 -0.8080917 0.589057 2.50069e-7 0 1 -2.5007e-7 0 1 -0.001003742 -0.9999961 0.002595484 -0.01625621 -0.9998499 -0.005999147 0 -1 0 0 -1 0 1 1.44004e-6 0 1 -8.22223e-7 0 1 -2.45851e-7 0 1 0 0 1 0 0 -2.34305e-7 -1 0 -2.52872e-7 -1 -2.07514e-7 0 -1 0 0 -1 0 0 -1 0 0 -1 0 -2.25241e-7 -1 4.30799e-7 -2.00556e-7 -1 0 1.53895e-7 0 -1 0 0.576828 -0.8168658 0 0.5768275 -0.816866 0.6718752 0.4272365 -0.6050229 0.6462428 0.5146086 -0.5635144 0.5654812 3.1019e-6 -0.8247613 0.5654814 2.95664e-7 -0.8247611 0.5654811 -2.13895e-7 -0.8247613 0.5654813 -3.1019e-6 -0.8247612 0.646238 -0.5146043 -0.5635237 0.6718785 -0.4272052 -0.6050414 0 -0.5767925 -0.8168908 0 -0.576793 -0.8168905 -1.53895e-7 0 -1 0 0 1 0 0 1 0 0 1 0 0 1 0 0 1 0 0 1 -0.7127397 0.4680346 0.5224422 -0.7127461 0.4680304 0.5224372 -0.8065364 1.22028e-6 0.5911846 -0.8065363 -1.22028e-6 0.5911846 -0.712747 -0.4680283 0.5224378 -0.7127419 -0.4680296 0.5224436 -0.7622897 0.5005528 -0.4103186 -0.7412286 0.5475457 -0.3882963 -0.885815 2.63074e-7 -0.4640386 -0.885815 -2.63074e-7 -0.4640386 -0.7412282 -0.5475465 -0.388296 -0.7622867 -0.5005588 -0.410317 0 0.595762 -0.8031612 0 0.5957621 -0.8031611 2.38351e-7 0 -1 0 0 -1 -6.12812e-7 -0.5957619 -0.8031612 0 -0.5957608 -0.803162 0 0 -1 -2.55542e-7 0 -1 0 0 -1 -2.55132e-7 0 -1 -3.83388e-7 0 -1 0 0 -1 0 0 1 0 0 1 -1.61472e-7 0 1 2.18041e-7 0 1 -3.69862e-7 0 1 5.41194e-7 0 1 0 0 1 0 0 1 1.73777e-7 0 1 -1.73777e-7 0 1 -1.34345e-7 0.5856109 0.8105924 1.34345e-7 0.5856118 0.8105918 0 1 3.68441e-6 0 1 3.71398e-6 3.6753e-7 1 2.01747e-7 4.07496e-7 1 0 3.75598e-7 0.9303115 -0.3667705 6.03246e-7 0.9303113 -0.3667712 0 -0.7043878 -0.7098155 0 -0.7043886 -0.7098147 0 0 -1 0 0 -1 5.56572e-7 0.7043893 -0.7098138 0 0.7043884 -0.7098148 -0.6951193 0.7188944 0 -0.6951192 0.7188945 0 -1 0 0 -1 0 0 -0.6951192 -0.7188946 0 -0.6951193 -0.7188945 0 0 -1 0 0 -1 0 0 -1 2.15844e-7 -0.2888582 -0.9573719 0 0.4239659 0.01532822 0.9055484 0.3666337 -0.01286715 0.9302765 0.3391017 0.0189929 0.940558 0.3369276 0 0.9415307 0.3369278 0 0.9415306 0.3391026 -0.01899296 0.9405577 0.3666326 0.01286715 0.9302768 0.4239661 -0.01532822 0.9055484 -0.1139233 0 -0.9934896 -0.1139222 0 -0.9934898 -0.1146064 0 -0.9934111 -0.1146025 0 -0.9934115 -0.1158087 0 -0.9932716 -0.1158085 0 -0.9932716 -0.1216413 0 -0.9925742 -0.1216397 0 -0.9925744 -0.1358307 0 -0.9907321 -0.1358312 0 -0.9907321 0.7870467 -0.5240055 -0.3255395 0.7855054 -0.5531533 -0.2774941 0.9428938 0 -0.333094 0.9428936 0 -0.333094 0.7855052 0.5531537 -0.2774938 0.7870461 0.5240064 -0.3255395</float_array>
          <technique_common>
            <accessor source="#mesh0-mesh-normals-array" count="1220" stride="3">
              <param name="X" type="float"/>
              <param name="Y" type="float"/>
              <param name="Z" type="float"/>
            </accessor>
          </technique_common>
        </source>
        <source id="mesh0-mesh-map-0">
          <float_array id="mesh0-mesh-map-0-array" count="7344">0.251465 -0.141357 0.241943 -0.131226 0.241943 -0.141357 0.224731 -0.139038 0.236084 -0.110413 0.224731 -0.110413 0.983887 -0.632324 0.994629 -0.674316 0.995117 -0.632324 1.82617 -0.376221 1.77441 -0.388184 1.77441 -0.376221 0.64209 -0.504395 0.524414 -0.487305 0.533203 -0.504395 0.509277 -0.331787 0.485596 -0.280273 0.485596 -0.331787 1.97168 -0.597656 1.17871 -0.600586 1.18262 -0.597656 0.8750001 -0.99707 0.656738 -0.992188 0.655273 -0.99707 0.655273 -0.419922 0.655273 -0.40332 0.643555 -0.40332 0.103821 -0.004485964 0.17981 -0.01745599 0.17981 -0.004462957 0.17981 -0.01745599 0.103821 -0.004485964 0.103821 -0.01748597 1.51172 -0.06179797 1.52246 -0.05407696 1.52344 -0.060485 1.52246 -0.05407696 1.51172 -0.06179797 1.50977 -0.05407696 1.40918 -0.07458496 1.50977 -0.05407696 1.51172 -0.06179797 1.50977 -0.05407696 1.40918 -0.07458496 1.40625 -0.05407696 1.28809 -0.277344 1.32715 -0.3396 1.26074 -0.31958 1.32715 -0.3396 1.28809 -0.277344 1.3457 -0.304932 1.29883 -0.262695 1.3457 -0.304932 1.28809 -0.277344 1.30566 -0.251221 1.3457 -0.304932 1.29883 -0.262695 1.30566 -0.251221 1.38379 -0.195923 1.3457 -0.304932 1.26465 -0.209473 1.38379 -0.195923 1.30566 -0.251221 1.26465 -0.209473 1.26465 -0.196045 1.38379 -0.195923 1.3457 -0.304932 1.38379 -0.195923 1.38379 -0.304688 1.30078 -0.503906 1.28516 -0.472656 1.30957 -0.483887 1.1709 -0.472168 1.28516 -0.472656 1.30078 -0.503906 1.28516 -0.472656 1.1709 -0.472168 1.17285 -0.445557 1.17773 -0.433105 1.28516 -0.472656 1.17285 -0.445557 1.20703 -0.393066 1.28516 -0.472656 1.17773 -0.433105 1.20703 -0.393066 1.31543 -0.374512 1.28516 -0.472656 1.31543 -0.374512 1.20703 -0.393066 1.26074 -0.31958 1.26074 -0.31958 1.32422 -0.359375 1.31543 -0.374512 1.32422 -0.359375 1.26074 -0.31958 1.32715 -0.350098 1.26074 -0.31958 1.32715 -0.3396 1.32715 -0.350098 1.52832 -0.08587598 1.5166 -0.102905 1.50488 -0.097534 1.39063 -0.09771698 1.52832 -0.08587598 1.50488 -0.097534 1.52832 -0.08587598 1.39063 -0.09771698 1.38086 -0.08605897 1.21973 -0.333984 1.21387 -0.327881 1.21973 -0.327881 1.21387 -0.327881 1.21973 -0.333984 1.21387 -0.333984 1.19629 -0.350342 1.1875 -0.356689 1.1875 -0.350342 1.1875 -0.356689 1.19629 -0.350342 1.20117 -0.356689 1.18262 -0.390869 1.19043 -0.394043 1.18555 -0.394043 1.19043 -0.394043 1.18262 -0.390869 1.18164 -0.385742 1.18164 -0.385742 1.18262 -0.390869 1.16602 -0.324463 1.18164 -0.298096 1.18164 -0.385742 1.16602 -0.324463 1.18164 -0.298096 1.16602 -0.324463 1.16602 -0.290527 1.16602 -0.290527 1.20508 -0.298096 1.18164 -0.298096 1.20508 -0.298096 1.16602 -0.290527 1.20508 -0.280029 1.16602 -0.290527 1.20996 -0.263916 1.20508 -0.280029 1.20996 -0.263916 1.16602 -0.290527 1.18945 -0.242554 1.16602 -0.185181 1.18945 -0.242554 1.16602 -0.290527 1.20605 -0.242554 1.20996 -0.263916 1.18945 -0.242554 1.18945 -0.242554 1.16602 -0.185181 1.18945 -0.1656489 1.19141 -0.151367 1.18945 -0.1656489 1.16602 -0.185181 1.18945 -0.1656489 1.19141 -0.151367 1.19531 -0.151367 1.19531 -0.151367 1.20215 -0.157715 1.18945 -0.1656489 1.20215 -0.157715 1.19531 -0.151367 1.20215 -0.151367 0.219849 -0.333984 0.214722 -0.327881 0.214722 -0.333984 0.214722 -0.327881 0.219849 -0.333984 0.219849 -0.327881 0.196289 -0.350342 0.188232 -0.356689 0.201538 -0.356689 0.188232 -0.356689 0.196289 -0.350342 0.188232 -0.350342 0.212769 -0.338135 0.199585 -0.310303 0.199585 -0.338135 0.199585 -0.310303 0.212769 -0.338135 0.212769 -0.310303 1.15918 -0.41333 1.05664 -0.449463 1.05664 -0.41333 1.05664 -0.449463 1.15918 -0.41333 1.15918 -0.449463 0.160645 -0.2099609 0.140625 -0.1843259 0.140625 -0.2099609 0.140625 -0.1843259 0.160645 -0.2099609 0.160645 -0.1843259 0.111511 -0.1386719 0.106934 -0.140869 0.114136 -0.143311 0.106934 -0.140869 0.112732 -0.14563 0.114136 -0.143311 0.112732 -0.14563 0.106934 -0.140869 0.106934 -0.14563 0.1961669 -0.151367 0.202759 -0.157715 0.202759 -0.151367 0.202759 -0.157715 0.1961669 -0.151367 0.189575 -0.1656489 0.189575 -0.1656489 0.2305909 -0.157715 0.202759 -0.157715 0.2305909 -0.157715 0.189575 -0.1656489 0.2437739 -0.1656489 0.1961669 -0.151367 0.191528 -0.151367 0.189575 -0.1656489 0.166626 -0.185181 0.189575 -0.1656489 0.191528 -0.151367 0.166626 -0.185181 0.189575 -0.242554 0.189575 -0.1656489 0.189575 -0.242554 0.166626 -0.185181 0.166504 -0.290527 0.166504 -0.290527 0.210571 -0.263916 0.189575 -0.242554 0.210571 -0.263916 0.166504 -0.290527 0.205933 -0.280029 0.2274169 -0.280029 0.210571 -0.263916 0.205933 -0.280029 0.210571 -0.263916 0.2274169 -0.280029 0.222778 -0.263916 0.189575 -0.242554 0.210571 -0.263916 0.206421 -0.242554 0.166504 -0.290527 0.205933 -0.298096 0.205933 -0.280029 0.205933 -0.298096 0.166504 -0.290527 0.1824949 -0.298096 0.166504 -0.290527 0.166382 -0.324463 0.1824949 -0.298096 0.166382 -0.324463 0.1824949 -0.385742 0.1824949 -0.298096 0.166382 -0.324463 0.182617 -0.390869 0.1824949 -0.385742 0.182617 -0.390869 0.190796 -0.394043 0.1824949 -0.385742 0.190796 -0.394043 0.182617 -0.390869 0.185913 -0.394043 0.104675 -0.312744 0.109802 -0.332764 0.109802 -0.312744 0.100769 -0.312744 0.109802 -0.332764 0.104675 -0.312744 0.109802 -0.332764 0.100769 -0.312744 0.100769 -0.332764 0.136353 -0.309326 0.156372 -0.312012 0.156372 -0.309326 0.156372 -0.312012 0.136353 -0.309326 0.136353 -0.312012 0.136353 -0.312012 0.156372 -0.375977 0.156372 -0.312012 0.156372 -0.375977 0.136353 -0.312012 0.136353 -0.375977 0.72998 -0.221436 0.748535 -0.227783 0.748535 -0.221436 0.748535 -0.227783 0.72998 -0.221436 0.72998 -0.227783 0.134644 -0.211304 0.05731195 -0.205811 0.05731195 -0.211304 0.05731195 -0.205811 0.134644 -0.211304 0.1055909 -0.205811 0.134644 -0.182007 0.1055909 -0.205811 0.134644 -0.211304 0.188599 -0.333984 0.193726 -0.340332 0.1936039 -0.333984 0.193726 -0.340332 0.188599 -0.333984 0.188599 -0.3479 0.188599 -0.3479 0.214844 -0.340332 0.193726 -0.340332 0.214844 -0.340332 0.188599 -0.3479 0.219849 -0.3479 0.219849 -0.3479 0.214722 -0.333984 0.214844 -0.340332 0.214722 -0.333984 0.219849 -0.3479 0.219849 -0.333984 0.280762 -0.103516 0.304199 -0.14502 0.304199 -0.103516 0.265625 -0.103516 0.280762 -0.09771698 0.27832 -0.09631299 0.280762 -0.09771698 0.265625 -0.103516 0.280762 -0.103516 0.265625 -0.14502 0.280762 -0.103516 0.265625 -0.103516 0.280762 -0.103516 0.265625 -0.14502 0.280762 -0.14502 0.304199 -0.14502 0.280762 -0.103516 0.280762 -0.14502 0.280762 -0.150757 0.265625 -0.14502 0.27832 -0.152222 0.265625 -0.14502 0.280762 -0.150757 0.280762 -0.14502 0.131226 -0.105347 0.172729 -0.146118 0.172729 -0.105347 0.172729 -0.146118 0.131226 -0.105347 0.131226 -0.146118 0.005171954 -0.811523 0.04354798 -0.817871 0.04354798 -0.811523 0.04354798 -0.817871 0.005171954 -0.811523 0.005167961 -0.817871 0.993652 -0.613281 0.983398 -0.623535 0.993652 -0.618164 0.993652 -0.613281 0.2462159 -0.623535 0.983398 -0.623535 0.2462159 -0.623535 0.993652 -0.613281 0.2462159 -0.613281 0.103882 -0.135986 0.116455 -0.135986 0.103882 -0.10675 0.106628 -0.08105397 0.103882 -0.08105397 0.103882 -0.10675 0.116455 -0.135986 0.106628 -0.08105397 0.103882 -0.10675 0.106628 -0.08105397 0.116455 -0.135986 0.124512 -0.1424559 0.116455 -0.135986 0.116455 -0.146484 0.124512 -0.1424559 0.184204 -0.704102 0.187744 -0.704102 0.202759 -0.677246 0.187744 -0.704102 0.296387 -0.677246 0.202759 -0.677246 0.296387 -0.677246 0.187744 -0.704102 0.296387 -0.704102 0.07641595 -0.371826 0.07995599 -0.373535 0.08453297 -0.365479 0.1134639 -0.335938 0.08453297 -0.365479 0.125977 -0.365479 0.08453297 -0.365479 0.1134639 -0.335938 0.09710597 -0.335938 0.09710597 -0.335938 0.07641595 -0.371826 0.08453297 -0.365479 0.07641595 -0.371826 0.09710597 -0.335938 0.09429895 -0.310303 0.09710597 -0.310303 0.09429895 -0.310303 0.09710597 -0.335938 0.1134639 -0.335938 0.1162109 -0.310303 0.1134639 -0.310303 0.1134639 -0.335938 0.134033 -0.371826 0.1162109 -0.310303 0.134033 -0.371826 0.1134639 -0.335938 0.125977 -0.365479 0.125977 -0.365479 0.1306149 -0.373535 0.134033 -0.371826 0.1618649 -0.21875 0.141724 -0.235107 0.1618649 -0.235107 0.141724 -0.235107 0.1618649 -0.21875 0.141724 -0.21875 0.141724 -0.21875 0.104248 -0.235107 0.141724 -0.235107 0.104248 -0.235107 0.141724 -0.21875 0.104248 -0.21875 0.104248 -0.21875 0.05599898 -0.235107 0.104248 -0.235107 0.05599898 -0.235107 0.104248 -0.21875 0.05599898 -0.21875 0.123413 -0.620605 0.126221 -0.657715 0.126221 -0.620605 0.126221 -0.657715 0.120422 -0.645508 0.122009 -0.657715 0.126221 -0.657715 0.123413 -0.620605 0.120422 -0.645508 0.08935499 -0.568359 0.120422 -0.645508 0.123413 -0.620605 0.123413 -0.553223 0.08935499 -0.568359 0.123413 -0.620605 0.08935499 -0.568359 0.123413 -0.553223 0.08941596 -0.552734 0.153931 -0.536133 0.08941596 -0.552734 0.123413 -0.553223 0.08941596 -0.552734 0.153931 -0.536133 0.147949 -0.52002 0.186401 -0.523926 0.147949 -0.52002 0.153931 -0.536133 0.147949 -0.52002 0.186401 -0.523926 0.186401 -0.52002 0.147949 -0.52002 0.186401 -0.52002 0.150269 -0.510742 0.153931 -0.536133 0.208252 -0.536133 0.186401 -0.523926 0.1427 -0.515137 0.147949 -0.52002 0.150269 -0.510742 0.186401 -0.52002 0.941895 -0.510742 0.150269 -0.510742 0.941895 -0.510742 0.186401 -0.52002 0.934082 -0.52002 0.941895 -0.52002 0.941895 -0.510742 0.934082 -0.52002 0.941895 -0.510742 0.941895 -0.52002 0.962402 -0.522949 0.941895 -0.52002 0.962402 -0.531738 0.962402 -0.522949 0.962402 -0.531738 0.941895 -0.52002 0.954102 -0.534668 0.954102 -0.534668 0.990723 -0.531738 0.962402 -0.531738 0.990723 -0.531738 0.954102 -0.534668 0.994629 -0.534668 0.994629 -0.534668 0.990723 -0.522949 0.990723 -0.531738 0.990723 -0.522949 0.994629 -0.534668 0.994629 -0.510742 0.987305 -0.510742 0.990723 -0.522949 0.994629 -0.510742 0.987305 -0.510742 0.962402 -0.522949 0.990723 -0.522949 0.962402 -0.522949 0.987305 -0.510742 0.941895 -0.510742 0.987305 -0.506348 0.941895 -0.510742 0.987305 -0.510742 0.941895 -0.510742 0.987305 -0.506348 0.967285 -0.506348 0.967285 -0.496094 0.941895 -0.510742 0.967285 -0.506348 0.941895 -0.510742 0.967285 -0.496094 0.94873 -0.496094 0.149902 -0.60498 0.125 -0.609863 0.146973 -0.609863 0.149902 -0.60498 0.159058 -0.541992 0.149902 -0.541992 0.159058 -0.541992 0.149902 -0.60498 0.159058 -0.60498 0.159058 -0.60498 0.149902 -0.60498 0.146973 -0.609863 0.146973 -0.646484 0.159058 -0.60498 0.146973 -0.609863 0.159058 -0.60498 0.146973 -0.646484 0.153564 -0.646484 0.153564 -0.646484 0.159058 -0.645996 0.159058 -0.60498 0.160522 -0.756836 0.182617 -0.794434 0.182617 -0.756836 0.182617 -0.794434 0.160522 -0.756836 0.160522 -0.794434 0.296387 -0.754395 0.187744 -0.776367 0.296387 -0.776367 0.187744 -0.776367 0.296387 -0.754395 0.187744 -0.754395 0.269775 -0.828613 0.369629 -0.897461 0.369385 -0.828613 0.369629 -0.897461 0.269775 -0.828613 0.269775 -0.897461 0.005167961 -0.825684 0.04354798 -0.88916 0.04354798 -0.825684 0.04354798 -0.88916 0.005167961 -0.825684 0.005167961 -0.88916 0.005167961 -0.88916 0.04354798 -0.90332 0.04354798 -0.88916 0.04354798 -0.90332 0.005167961 -0.88916 0.005167961 -0.90332 0.005167961 -0.90332 0.04354798 -0.98291 0.04354798 -0.90332 0.04354798 -0.98291 0.005167961 -0.90332 0.005167961 -0.98291 0.005167961 -0.98291 0.04354798 -0.994141 0.04354798 -0.98291 0.04354798 -0.994141 0.005167961 -0.98291 0.005167961 -0.994141 0.174561 -0.599121 0.188232 -0.65625 0.197144 -0.65625 0.161743 -0.624512 0.188232 -0.65625 0.161499 -0.599121 0.188232 -0.65625 0.174561 -0.599121 0.161499 -0.599121 0.174561 -0.599121 0.161377 -0.595215 0.161499 -0.599121 0.161377 -0.595215 0.174561 -0.599121 0.171387 -0.594727 0.123718 -0.505371 0.159668 -0.480225 0.123718 -0.480225 0.159668 -0.480225 0.123718 -0.505371 0.159668 -0.505371 0.625977 -0.847656 0.619141 -0.939453 0.625977 -0.933105 0.619141 -0.939453 0.625977 -0.847656 0.619141 -0.841309 0.376221 -0.873047 0.619141 -0.841309 0.376221 -0.841309 0.376221 -0.907715 0.619141 -0.841309 0.376221 -0.873047 0.619141 -0.841309 0.376221 -0.907715 0.619141 -0.939453 0.376221 -0.939453 0.619141 -0.939453 0.376221 -0.907715 0.376221 -0.907715 0.338867 -0.949707 0.376221 -0.939453 0.338867 -0.949707 0.376221 -0.907715 0.339111 -0.907715 0.339111 -0.907715 0.301514 -0.913086 0.338867 -0.949707 0.301514 -0.913086 0.339111 -0.907715 0.301514 -0.907715 0.174683 -0.913086 0.338867 -0.949707 0.301514 -0.913086 0.338867 -0.949707 0.174683 -0.913086 0.174561 -0.949707 0.005358994 -0.743164 0.005358994 -0.802246 0.03356897 -0.802246 0.005358994 -0.743164 0.03356897 -0.802246 0.03356897 -0.743652 0.03356897 -0.743652 0.02130097 -0.716309 0.005358994 -0.743164 0.09161299 -0.683594 0.02130097 -0.716309 0.03356897 -0.743652 0.02130097 -0.716309 0.09161299 -0.683594 0.054901 -0.683594 0.650879 -0.953613 0.577148 -0.987793 0.650879 -0.987793 0.577148 -0.987793 0.650879 -0.953613 0.577148 -0.953613 0.577148 -0.987793 0.447021 -0.993652 0.577148 -0.993652 0.577148 -0.953613 0.447021 -0.993652 0.577148 -0.987793 0.447021 -0.993652 0.577148 -0.953613 0.447021 -0.947754 0.577148 -0.947754 0.447021 -0.947754 0.577148 -0.953613 0.192627 -0.862793 0.179321 -0.907227 0.192627 -0.907227 0.179321 -0.907227 0.192627 -0.862793 0.179321 -0.862793 0.238403 -0.130493 0.241943 -0.117615 0.238403 -0.118286 0.241943 -0.117615 0.238403 -0.130493 0.241943 -0.131226 0.241943 -0.117615 0.251465 -0.107544 0.241943 -0.107544 0.241943 -0.131226 0.251465 -0.115662 0.241943 -0.117615 0.251465 -0.107544 0.241943 -0.117615 0.251465 -0.115662 0.251465 -0.115662 0.241943 -0.131226 0.251465 -0.133179 0.241943 -0.131226 0.251465 -0.141357 0.251465 -0.133179 0.251465 -0.133179 0.259766 -0.114014 0.251465 -0.115662 0.259766 -0.114014 0.251465 -0.133179 0.259766 -0.1348879 0.34082 -0.145142 0.349365 -0.158569 0.349365 -0.145142 0.349365 -0.158569 0.34082 -0.145142 0.34082 -0.156494 0.339844 -0.1656489 0.349365 -0.158569 0.34082 -0.156494 0.34082 -0.156494 0.257568 -0.1656489 0.339844 -0.1656489 0.257568 -0.1656489 0.34082 -0.156494 0.262451 -0.156494 0.262451 -0.156494 0.2468259 -0.151367 0.257568 -0.1656489 0.2468259 -0.151367 0.262451 -0.156494 0.251465 -0.141357 0.241943 -0.141357 0.2468259 -0.151367 0.251465 -0.141357 0.241943 -0.141357 0.209717 -0.151367 0.2468259 -0.151367 0.209717 -0.151367 0.241943 -0.141357 0.217163 -0.141357 0.217163 -0.135376 0.209717 -0.151367 0.217163 -0.141357 0.209717 -0.151367 0.217163 -0.135376 0.209717 -0.135376 0.217163 -0.113525 0.209717 -0.135376 0.217163 -0.135376 0.209717 -0.135376 0.217163 -0.113525 0.209717 -0.113525 0.217163 -0.113525 0.209717 -0.09747296 0.209717 -0.113525 0.241943 -0.107544 0.209717 -0.09747296 0.217163 -0.107544 0.209717 -0.09747296 0.217163 -0.113525 0.217163 -0.107544 0.209717 -0.09747296 0.241943 -0.107544 0.2468259 -0.09747296 0.251465 -0.107544 0.2468259 -0.09747296 0.241943 -0.107544 0.262451 -0.09234595 0.2468259 -0.09747296 0.251465 -0.107544 0.209717 -0.113525 0.203857 -0.135376 0.209717 -0.135376 0.203857 -0.135376 0.209717 -0.113525 0.203857 -0.113525 0.2468259 -0.09747296 0.262451 -0.09234595 0.257568 -0.08318996 0.34082 -0.09234595 0.257568 -0.08318996 0.262451 -0.09234595 0.257568 -0.08318996 0.34082 -0.09234595 0.339844 -0.08318996 0.34082 -0.09234595 0.349365 -0.09027099 0.339844 -0.08318996 0.34082 -0.103699 0.349365 -0.09027099 0.34082 -0.09234595 0.349365 -0.09027099 0.34082 -0.103699 0.349365 -0.103699 0.987793 -0.79248 0.998047 -0.783691 0.987793 -0.788574 0.987793 -0.788574 0.469727 -0.79248 0.987793 -0.79248 0.469727 -0.79248 0.987793 -0.788574 0.456787 -0.788574 0.097961 -0.543457 0.02151399 -0.540527 0.02548199 -0.543457 0.02151399 -0.540527 0.097961 -0.543457 0.101929 -0.540527 0.101929 -0.540527 0.04492098 -0.531738 0.02151399 -0.540527 0.04492098 -0.531738 0.101929 -0.540527 0.07849097 -0.531738 0.08941596 -0.504395 0.07849097 -0.531738 0.101929 -0.540527 0.118103 -0.479736 0.08941596 -0.504395 0.101929 -0.540527 0.08941596 -0.479736 0.08941596 -0.504395 0.118103 -0.479736 0.236084 -0.110413 0.224731 -0.139038 0.236084 -0.139038 0.371094 -0.526855 0.214111 -0.533203 0.348633 -0.533203 0.214111 -0.533203 0.371094 -0.526855 0.214111 -0.526855 0.159546 -0.381592 0.05715894 -0.406982 0.159546 -0.406982 0.05715894 -0.406982 0.159546 -0.381592 0.05715894 -0.381592 0.159546 -0.41333 0.05715894 -0.449463 0.159546 -0.449463 0.05715894 -0.449463 0.159546 -0.41333 0.05715894 -0.41333 0.252686 -0.637695 0.301758 -0.674316 0.252686 -0.632324 0.301758 -0.674316 0.983887 -0.632324 0.252686 -0.632324 0.983887 -0.632324 0.301758 -0.674316 0.983887 -0.674316 0.994629 -0.674316 0.983887 -0.632324 0.983887 -0.674316 0.983887 -0.674316 0.994629 -0.780273 0.994629 -0.674316 0.994629 -0.780273 0.983887 -0.674316 0.983887 -0.780273 0.983887 -0.674316 0.456543 -0.780273 0.983887 -0.780273 0.456543 -0.780273 0.983887 -0.674316 0.301758 -0.674316 0.301758 -0.73877 0.456543 -0.780273 0.301758 -0.674316 0.301758 -0.780273 0.456543 -0.780273 0.301758 -0.73877 0.193359 -0.65918 0.09393298 -0.687988 0.193359 -0.687988 0.09393298 -0.687988 0.193359 -0.65918 0.09393298 -0.65918 0.09344398 -0.727539 0.172119 -0.694336 0.09344398 -0.694336 0.172119 -0.694336 0.09344398 -0.727539 0.172119 -0.727539 0.1524659 -0.760742 0.07366895 -0.790527 0.1524659 -0.790527 0.07366895 -0.790527 0.1524659 -0.760742 0.06268298 -0.760742 0.1524659 -0.73584 0.06268298 -0.760742 0.1524659 -0.760742 0.06268298 -0.760742 0.1524659 -0.73584 0.05294799 -0.73584 0.187744 -0.709961 0.296387 -0.747559 0.296387 -0.709961 0.296387 -0.747559 0.187744 -0.709961 0.187744 -0.747559 0.379883 -0.783203 0.418213 -0.796875 0.453369 -0.783203 0.418213 -0.796875 0.379883 -0.783203 0.379883 -0.796875 0.235474 -0.797363 0.365234 -0.783691 0.235474 -0.783691 0.365234 -0.783691 0.235474 -0.797363 0.365234 -0.797363 0.369873 -0.797363 0.375488 -0.783691 0.369873 -0.783691 0.375488 -0.783691 0.369873 -0.797363 0.375488 -0.797363 0.395752 -0.983398 0.405273 -0.993652 0.405273 -0.983398 0.405273 -0.993652 0.395752 -0.983398 0.395752 -0.991699 0.4375 -0.989746 0.429932 -0.983398 0.429932 -0.989746 0.4375 -0.973633 0.405273 -0.983398 0.429932 -0.983398 0.429932 -0.983398 0.4375 -0.989746 0.4375 -0.973633 0.395752 -0.983398 0.405273 -0.983398 0.400391 -0.973633 0.405273 -0.983398 0.4375 -0.973633 0.400391 -0.973633 0.400391 -0.973633 0.384766 -0.968262 0.395752 -0.983398 0.384766 -0.968262 0.400391 -0.973633 0.389648 -0.959473 0.389648 -0.959473 0.306396 -0.968262 0.384766 -0.968262 0.306396 -0.968262 0.389648 -0.959473 0.307373 -0.959473 0.297607 -0.966309 0.306396 -0.968262 0.307373 -0.959473 0.297607 -0.97998 0.306396 -0.968262 0.297607 -0.966309 0.306396 -0.968262 0.297607 -0.97998 0.306396 -0.97998 0.650391 -0.193848 0.679199 -0.185425 0.650391 -0.1855469 0.679199 -0.185425 0.650391 -0.193848 0.70752 -0.194092 0.707031 -0.171997 0.679199 -0.185425 0.70752 -0.194092 0.679199 -0.185425 0.707031 -0.171997 0.678711 -0.175659 0.707031 -0.171997 0.650391 -0.175781 0.678711 -0.175659 0.650391 -0.175781 0.707031 -0.171997 0.650391 -0.172241 0.03010499 -0.473389 0.08380097 -0.49292 0.06280499 -0.479492 0.002003967 -0.411377 0.024993 -0.442383 0.02989196 -0.416504 0.005591988 -0.478027 0.024993 -0.442383 0.002003967 -0.411377 0.03010499 -0.473389 0.024993 -0.442383 0.005591988 -0.478027 0.08380097 -0.49292 0.03010499 -0.473389 0.005591988 -0.478027 0.005591988 -0.478027 0.07940596 -0.495117 0.08380097 -0.49292 0.07940596 -0.495117 0.005591988 -0.478027 0.008887946 -0.481689 0.03083795 -0.466797 0.05715894 -0.457275 0.03083795 -0.457275 0.05715894 -0.457275 0.03083795 -0.466797 0.05715894 -0.466797 0.159546 -0.474854 0.05715894 -0.466797 0.05715894 -0.474854 0.159546 -0.449463 0.05715894 -0.466797 0.159546 -0.474854 0.05715894 -0.466797 0.159546 -0.449463 0.05715894 -0.457275 0.05715894 -0.449463 0.05715894 -0.457275 0.159546 -0.449463 0.978027 -0.802734 0.990723 -0.836426 0.990723 -0.803223 0.421875 -0.802734 0.45874 -0.836426 0.445313 -0.802734 0.445313 -0.802734 0.45874 -0.836426 0.458984 -0.802734 0.45874 -0.836426 0.625 -0.836426 0.458984 -0.802734 0.625 -0.836426 0.978027 -0.802734 0.458984 -0.802734 0.978027 -0.802734 0.625 -0.836426 0.978027 -0.836426 0.990723 -0.836426 0.978027 -0.802734 0.978027 -0.836426 0.978027 -0.912598 0.990723 -0.836426 0.978027 -0.836426 0.990723 -0.836426 0.978027 -0.912598 0.990723 -0.906738 0.879883 -0.914063 0.625 -0.836426 0.656738 -0.913086 0.625 -0.836426 0.879883 -0.914063 0.856445 -0.850586 0.957031 -0.850586 0.625 -0.836426 0.856445 -0.850586 0.625 -0.836426 0.957031 -0.850586 0.978027 -0.836426 0.957031 -0.912598 0.978027 -0.836426 0.957031 -0.850586 0.978027 -0.836426 0.957031 -0.912598 0.978027 -0.912598 0.006812989 -0.157715 0.03378295 -0.2331539 0.03378295 -0.157715 0.03378295 -0.2331539 0.006812989 -0.157715 0.006812989 -0.2331539 0.006804943 -0.14856 0.03378295 -0.1542969 0.03381299 -0.14856 0.03378295 -0.1542969 0.006804943 -0.14856 0.006812989 -0.1542969 0.004176974 -0.296143 0.03127998 -0.304443 0.03117299 -0.296143 0.03127998 -0.304443 0.004176974 -0.296143 0.004038989 -0.304443 0.006812989 -0.256104 0.03378295 -0.289063 0.03378295 -0.256104 0.03378295 -0.289063 0.006812989 -0.256104 0.006808996 -0.289063 0.006812989 -0.23645 0.03378295 -0.252197 0.03378295 -0.23645 0.03378295 -0.252197 0.006812989 -0.23645 0.006812989 -0.252197 0.214844 -0.67041 0.210205 -0.663086 0.210205 -0.668945 0.210205 -0.663086 0.214844 -0.67041 0.239868 -0.663086 0.239868 -0.621582 0.210205 -0.663086 0.239868 -0.663086 0.201416 -0.663086 0.210205 -0.621582 0.201416 -0.621582 0.210205 -0.621582 0.201416 -0.663086 0.210205 -0.663086 0.210205 -0.663086 0.239868 -0.621582 0.210205 -0.621582 0.214844 -0.614258 0.210205 -0.621582 0.239868 -0.621582 0.210205 -0.621582 0.214844 -0.614258 0.210205 -0.615723 0.777344 -0.2243649 0.78418 -0.218872 0.777344 -0.218872 0.78418 -0.218872 0.777344 -0.2243649 0.78418 -0.2243649 0.78418 -0.217651 0.777344 -0.215088 0.777344 -0.217651 0.777344 -0.215088 0.78418 -0.217651 0.78418 -0.2149659 0.178955 -0.600586 0.97168 -0.597656 0.182861 -0.597656 0.97168 -0.597656 0.178955 -0.600586 0.970215 -0.600586 0.78418 -0.158447 0.776855 -0.198242 0.78418 -0.198242 0.776855 -0.198242 0.78418 -0.158447 0.776855 -0.158447 0.72998 -0.1687009 0.737793 -0.171631 0.737793 -0.15332 0.737793 -0.171631 0.72998 -0.1687009 0.731445 -0.171631 0.181152 -0.608887 0.972656 -0.603027 0.181152 -0.603027 0.972656 -0.603027 0.181152 -0.608887 0.972656 -0.608887 0.182861 -0.595703 0.977051 -0.581055 0.204468 -0.581055 0.977051 -0.581055 0.182861 -0.595703 0.97168 -0.595703 1.12402 -0.1424559 1.11621 -0.146484 1.11621 -0.135986 1.11621 -0.135986 1.10645 -0.08105397 1.12402 -0.1424559 1.10645 -0.08105397 1.11621 -0.135986 1.10352 -0.10675 1.10352 -0.10675 1.10352 -0.08105397 1.10645 -0.08105397 1.10352 -0.10675 1.11621 -0.135986 1.10352 -0.135986 0.08831697 -0.925781 0.09124696 -0.851074 0.08831697 -0.85498 0.09124696 -0.851074 0.08831697 -0.925781 0.09124696 -0.929688 0.170044 -0.949219 0.170044 -0.913086 0.09124696 -0.929688 0.09124696 -0.851074 0.170044 -0.868652 0.170044 -0.83252 0.09124696 -0.851074 0.146973 -0.877441 0.170044 -0.868652 0.146973 -0.877441 0.09124696 -0.851074 0.1018069 -0.877441 0.09124696 -0.929688 0.1018069 -0.877441 0.09124696 -0.851074 0.1018069 -0.877441 0.09124696 -0.929688 0.1018069 -0.903809 0.09124696 -0.929688 0.146973 -0.903809 0.1018069 -0.903809 0.146973 -0.903809 0.09124696 -0.929688 0.170044 -0.913086 0.170044 -0.868652 0.146973 -0.903809 0.170044 -0.913086 0.146973 -0.903809 0.170044 -0.868652 0.146973 -0.877441 1.13574 -0.309326 1.15625 -0.312012 1.13574 -0.312012 1.15625 -0.312012 1.13574 -0.309326 1.15625 -0.309326 1.13574 -0.312012 1.15625 -0.375977 1.13574 -0.375977 1.15625 -0.375977 1.13574 -0.312012 1.15625 -0.312012 1.13379 -0.211304 1.10547 -0.205811 1.13379 -0.182007 1.13379 -0.211304 1.05664 -0.205811 1.10547 -0.205811 1.05664 -0.205811 1.13379 -0.211304 1.05664 -0.211304 0.702637 -0.305664 0.714355 -0.23877 0.702637 -0.23877 0.768066 -0.23877 0.779785 -0.305664 0.779785 -0.23877 0.779785 -0.305664 0.768066 -0.23877 0.768066 -0.305664 0.714355 -0.23877 0.768066 -0.305664 0.768066 -0.23877 0.768066 -0.305664 0.714355 -0.23877 0.714355 -0.305664 0.714355 -0.23877 0.702637 -0.305664 0.714355 -0.305664 0.702637 -0.334473 0.714355 -0.305664 0.702637 -0.305664 0.714355 -0.305664 0.702637 -0.334473 0.714355 -0.339844 0.768066 -0.3396 0.714355 -0.305664 0.714355 -0.339844 0.714355 -0.305664 0.768066 -0.3396 0.768066 -0.305664 0.779785 -0.334229 0.768066 -0.305664 0.768066 -0.3396 0.768066 -0.305664 0.779785 -0.334229 0.779785 -0.305664 1.99316 -0.613281 1.24609 -0.623535 1.24609 -0.613281 1.24609 -0.623535 1.99316 -0.613281 1.9834 -0.623535 1.99316 -0.618164 1.9834 -0.623535 1.99316 -0.613281 1.16016 -0.756836 1.18262 -0.794434 1.16016 -0.794434 1.18262 -0.794434 1.16016 -0.756836 1.18262 -0.756836 1.2959 -0.754395 1.1875 -0.776367 1.1875 -0.754395 1.1875 -0.776367 1.2959 -0.754395 1.2959 -0.776367 1.26953 -0.828613 1.36914 -0.897461 1.26953 -0.897461 1.36914 -0.897461 1.26953 -0.828613 1.36914 -0.828613 1.17383 -0.599121 1.16113 -0.595215 1.1709 -0.594727 1.16113 -0.595215 1.17383 -0.599121 1.16113 -0.599121 1.17383 -0.599121 1.1875 -0.65625 1.16113 -0.599121 1.16113 -0.599121 1.1875 -0.65625 1.16113 -0.624512 1.1875 -0.65625 1.17383 -0.599121 1.19629 -0.65625 0.776855 -0.208618 0.776855 -0.2137449 0.78418 -0.213623 0.78418 -0.199585 0.776855 -0.208618 0.78418 -0.213623 0.776855 -0.208618 0.78418 -0.199585 0.776855 -0.199585 1.1875 -0.709961 1.2959 -0.747559 1.1875 -0.747559 1.2959 -0.747559 1.1875 -0.709961 1.2959 -0.709961 0.250732 -0.952148 0.288086 -0.994141 0.288086 -0.962402 0.288086 -0.994141 0.250732 -0.952148 0.250732 -0.994141 0.213257 -0.98877 0.250732 -0.994141 0.250732 -0.952148 0.250732 -0.952148 0.08648598 -0.98877 0.213257 -0.98877 0.08648598 -0.98877 0.250732 -0.952148 0.08636397 -0.952148 0.250732 -0.994141 0.213257 -0.98877 0.213257 -0.994141 1.37988 -0.783203 1.41797 -0.796875 1.37988 -0.796875 1.41797 -0.796875 1.37988 -0.783203 1.45313 -0.783203 1.23535 -0.797363 1.36523 -0.783691 1.36523 -0.797363 1.36523 -0.783691 1.23535 -0.797363 1.23535 -0.783691 1.36914 -0.797363 1.375 -0.783691 1.375 -0.797363 1.375 -0.783691 1.36914 -0.797363 1.36914 -0.783691 1.16992 -0.507813 1.2793 -0.501465 1.2793 -0.507813 1.2793 -0.501465 1.16992 -0.507813 1.16992 -0.501465 1.03613 -0.157715 1.05176 -0.2331539 1.03613 -0.2331539 1.05176 -0.2331539 1.03613 -0.157715 1.05176 -0.200317 1.03613 -0.157715 1.06055 -0.200317 1.05176 -0.200317 1.06055 -0.200317 1.03613 -0.157715 1.04199 -0.157715 1.10059 -0.312744 1.10938 -0.332764 1.10059 -0.332764 1.10938 -0.332764 1.10059 -0.312744 1.10449 -0.312744 1.10938 -0.312744 1.10938 -0.332764 1.10449 -0.312744 1.22461 -0.139038 1.23535 -0.110413 1.23535 -0.139038 1.23535 -0.110413 1.22461 -0.139038 1.22461 -0.110413 1.39551 -0.983398 1.40527 -0.993652 1.39551 -0.991699 1.40527 -0.993652 1.39551 -0.983398 1.40527 -0.983398 1.29688 -0.97998 1.30566 -0.968262 1.30566 -0.97998 1.30566 -0.968262 1.29688 -0.97998 1.29688 -0.966309 1.30664 -0.959473 1.30566 -0.968262 1.29688 -0.966309 1.38965 -0.959473 1.30566 -0.968262 1.30664 -0.959473 1.30566 -0.968262 1.38965 -0.959473 1.38477 -0.968262 1.40039 -0.973633 1.38477 -0.968262 1.38965 -0.959473 1.38477 -0.968262 1.40039 -0.973633 1.39551 -0.983398 1.40039 -0.973633 1.40527 -0.983398 1.39551 -0.983398 1.4375 -0.973633 1.40527 -0.983398 1.40039 -0.973633 1.40527 -0.983398 1.4375 -0.973633 1.42969 -0.983398 1.4375 -0.989746 1.42969 -0.983398 1.4375 -0.973633 1.42969 -0.983398 1.4375 -0.989746 1.42969 -0.989746 1.12598 -0.657715 1.12305 -0.620605 1.12598 -0.620605 1.12109 -0.657715 1.12012 -0.645508 1.12598 -0.657715 1.12305 -0.620605 1.12598 -0.657715 1.12012 -0.645508 1.12305 -0.620605 1.12012 -0.645508 1.08887 -0.568359 1.08887 -0.568359 1.12305 -0.553223 1.12305 -0.620605 1.12305 -0.553223 1.08887 -0.568359 1.08887 -0.552734 1.08887 -0.552734 1.15332 -0.536133 1.12305 -0.553223 1.15332 -0.536133 1.08887 -0.552734 1.14746 -0.52002 1.14746 -0.52002 1.18555 -0.523926 1.15332 -0.536133 1.18555 -0.523926 1.14746 -0.52002 1.18555 -0.52002 1.14941 -0.510742 1.18555 -0.52002 1.14746 -0.52002 1.18555 -0.523926 1.20801 -0.536133 1.15332 -0.536133 1.14941 -0.510742 1.14746 -0.52002 1.14258 -0.515137 1.94141 -0.510742 1.18555 -0.52002 1.14941 -0.510742 1.18555 -0.52002 1.94141 -0.510742 1.93359 -0.52002 1.93359 -0.52002 1.94141 -0.510742 1.94141 -0.52002 1.96191 -0.522949 1.94141 -0.52002 1.94141 -0.510742 1.96191 -0.531738 1.94141 -0.52002 1.96191 -0.522949 1.94141 -0.52002 1.96191 -0.531738 1.9541 -0.534668 1.99023 -0.531738 1.9541 -0.534668 1.96191 -0.531738 1.9541 -0.534668 1.99023 -0.531738 1.99414 -0.534668 1.99023 -0.522949 1.99414 -0.534668 1.99023 -0.531738 1.99414 -0.534668 1.99023 -0.522949 1.99414 -0.510742 1.99414 -0.510742 1.99023 -0.522949 1.9873 -0.510742 1.96191 -0.522949 1.9873 -0.510742 1.99023 -0.522949 1.9873 -0.510742 1.96191 -0.522949 1.94141 -0.510742 1.94141 -0.510742 1.9873 -0.506348 1.9873 -0.510742 1.9873 -0.506348 1.94141 -0.510742 1.9668 -0.506348 1.94141 -0.510742 1.9668 -0.496094 1.9668 -0.506348 1.9668 -0.496094 1.94141 -0.510742 1.94824 -0.496094 1.14648 -0.609863 1.125 -0.609863 1.14941 -0.60498 1.1582 -0.60498 1.1582 -0.645996 1.15332 -0.646484 1.14648 -0.646484 1.1582 -0.60498 1.15332 -0.646484 1.1582 -0.60498 1.14648 -0.646484 1.14648 -0.609863 1.14648 -0.609863 1.14941 -0.60498 1.1582 -0.60498 1.14941 -0.60498 1.1582 -0.541992 1.1582 -0.60498 1.1582 -0.541992 1.14941 -0.60498 1.14941 -0.541992 1.70703 -0.171997 1.65039 -0.175781 1.65039 -0.172241 1.65039 -0.175781 1.70703 -0.171997 1.67871 -0.175659 1.70703 -0.171997 1.67871 -0.185425 1.67871 -0.175659 1.67871 -0.185425 1.70703 -0.171997 1.70703 -0.194092 1.65039 -0.193848 1.67871 -0.185425 1.70703 -0.194092 1.67871 -0.185425 1.65039 -0.193848 1.65039 -0.1855469 1.67871 -0.20166 1.70703 -0.196655 1.70703 -0.20166 1.70703 -0.196655 1.67871 -0.20166 1.65039 -0.196655 1.67871 -0.20166 1.65039 -0.2149659 1.65039 -0.196655 1.65039 -0.2149659 1.67871 -0.20166 1.67871 -0.209106 1.67871 -0.209106 1.70703 -0.2149659 1.65039 -0.2149659 1.70703 -0.2149659 1.67871 -0.209106 1.70703 -0.209106 1.6416 -0.239258 1.69629 -0.239258 1.69629 -0.305176 1.6416 -0.239258 1.69629 -0.305176 1.6416 -0.328125 1.6416 -0.328125 1.69629 -0.305176 1.68164 -0.328125 1.07813 -0.830078 1.04883 -0.84375 1.04883 -0.830078 1.04883 -0.84375 1.07813 -0.830078 1.07813 -0.84375 1.07813 -0.855957 1.04883 -0.84375 1.07813 -0.84375 1.04883 -0.84375 1.07813 -0.855957 1.04883 -0.855957 1.07813 -0.937988 1.04883 -0.855957 1.07813 -0.855957 1.04883 -0.855957 1.07813 -0.937988 1.04883 -0.937988 1.07813 -0.955566 1.04883 -0.937988 1.07813 -0.937988 1.04883 -0.937988 1.07813 -0.955566 1.04883 -0.955566 1.07813 -0.993164 1.04883 -0.955566 1.07813 -0.955566 1.04883 -0.955566 1.07813 -0.993164 1.04883 -0.993164 1.74316 -0.203125 1.71484 -0.178345 1.74316 -0.178345 1.71484 -0.178345 1.74316 -0.203125 1.71484 -0.203125 1.34082 -0.13855 1.34668 -0.109985 1.34668 -0.13855 1.34668 -0.109985 1.34082 -0.13855 1.34082 -0.109985 1.17773 -0.163696 1.14844 -0.153687 1.17773 -0.153687 1.14844 -0.153687 1.17773 -0.163696 1.14844 -0.163696 1.26465 -0.2468259 1.29395 -0.262695 1.26465 -0.262695 1.29395 -0.262695 1.26465 -0.2468259 1.29395 -0.2468259 1.25879 -0.258057 1.23047 -0.17981 1.25879 -0.17981 1.23047 -0.17981 1.25879 -0.258057 1.23047 -0.258057 1.25879 -0.258057 1.23047 -0.276855 1.23047 -0.258057 1.23047 -0.276855 1.25879 -0.258057 1.25879 -0.276855 1.25879 -0.284912 1.23047 -0.276855 1.25879 -0.276855 1.23047 -0.276855 1.25879 -0.284912 1.23047 -0.284912 1.16016 -0.2099609 1.14063 -0.1843259 1.16016 -0.1843259 1.14063 -0.1843259 1.16016 -0.2099609 1.14063 -0.2099609 1.20215 -0.677246 1.1875 -0.704102 1.18359 -0.704102 1.2959 -0.677246 1.1875 -0.704102 1.20215 -0.677246 1.1875 -0.704102 1.2959 -0.677246 1.2959 -0.704102 1.625 -0.836426 1.87988 -0.914063 1.65625 -0.913086 1.87988 -0.914063 1.625 -0.836426 1.85645 -0.850586 1.625 -0.836426 1.95703 -0.850586 1.85645 -0.850586 1.95703 -0.850586 1.625 -0.836426 1.97754 -0.836426 1.97754 -0.836426 1.95703 -0.912598 1.95703 -0.850586 1.95703 -0.912598 1.97754 -0.836426 1.97754 -0.912598 1.28809 -0.802734 1.18164 -0.821777 1.18164 -0.802734 1.28809 -0.802734 1.4209 -0.821777 1.18164 -0.821777 1.4209 -0.821777 1.28809 -0.802734 1.42188 -0.802734 1.42188 -0.802734 1.45801 -0.836426 1.4209 -0.821777 1.45801 -0.836426 1.42188 -0.802734 1.44531 -0.802734 1.45898 -0.802734 1.45801 -0.836426 1.44531 -0.802734 1.45898 -0.802734 1.625 -0.836426 1.45801 -0.836426 1.97754 -0.802734 1.625 -0.836426 1.45898 -0.802734 1.625 -0.836426 1.97754 -0.802734 1.97754 -0.836426 1.97754 -0.802734 1.99023 -0.836426 1.97754 -0.836426 1.99023 -0.836426 1.97754 -0.912598 1.97754 -0.836426 1.97754 -0.912598 1.99023 -0.836426 1.99023 -0.906738 1.99023 -0.836426 1.97754 -0.802734 1.99023 -0.803223 1.64453 -0.507324 1.65625 -0.490723 1.65625 -0.507324 1.10645 -0.140869 1.1123 -0.14563 1.10645 -0.14563 1.1123 -0.14563 1.10645 -0.140869 1.11328 -0.143311 1.11328 -0.143311 1.10645 -0.140869 1.11133 -0.1386719 1.64355 -0.40332 1.65527 -0.40332 1.65527 -0.419922 1.77734 -0.2243649 1.78418 -0.218872 1.78418 -0.2243649 1.78418 -0.218872 1.77734 -0.2243649 1.77734 -0.218872 1.78418 -0.217651 1.77734 -0.215088 1.78418 -0.2149659 1.77734 -0.215088 1.78418 -0.217651 1.77734 -0.217651 1.78418 -0.199585 1.77637 -0.208618 1.77637 -0.199585 1.77637 -0.208618 1.78418 -0.199585 1.78418 -0.213623 1.78418 -0.213623 1.77637 -0.2137449 1.77637 -0.208618 1.69531 -0.417236 1.74219 -0.4021 1.74219 -0.417236 1.74219 -0.4021 1.69531 -0.417236 1.69531 -0.4021 1.77441 -0.388184 1.82617 -0.376221 1.82617 -0.388184 1.73828 -0.351074 1.77441 -0.376221 1.73828 -0.376221 1.73828 -0.351074 1.82617 -0.376221 1.77441 -0.376221 1.82617 -0.376221 1.73828 -0.351074 1.875 -0.351074 1.875 -0.351074 1.8623 -0.376221 1.82617 -0.376221 1.875 -0.376221 1.8623 -0.376221 1.875 -0.351074 1.74316 -0.419678 1.66016 -0.422852 1.69434 -0.419678 1.66016 -0.399902 1.69434 -0.419678 1.66016 -0.422852 1.69434 -0.419678 1.66016 -0.399902 1.69434 -0.399902 1.66016 -0.485596 1.77734 -0.503906 1.66016 -0.503906 1.77734 -0.503906 1.66016 -0.485596 1.77734 -0.485596 1.66016 -0.422852 1.77734 -0.485596 1.66016 -0.485596 1.77734 -0.485596 1.66016 -0.422852 1.77734 -0.422852 1.66016 -0.422852 1.74316 -0.419678 1.77734 -0.422852 1.74316 -0.399902 1.77734 -0.422852 1.74316 -0.419678 1.77734 -0.422852 1.74316 -0.399902 1.77734 -0.400146 1.95801 -0.314941 1.83887 -0.327393 1.83887 -0.314941 1.83887 -0.327393 1.95801 -0.314941 1.95801 -0.327393 1.52246 -0.368896 1.65039 -0.379639 1.51367 -0.379639 1.65039 -0.379639 1.52246 -0.368896 1.6416 -0.368896 1.56055 -0.39624 1.42383 -0.38208 1.56055 -0.38208 1.42383 -0.38208 1.56055 -0.39624 1.42383 -0.39624 1.7998 -0.494629 1.78516 -0.422607 1.79883 -0.40332 1.78516 -0.422607 1.7998 -0.494629 1.78516 -0.48877 1.7998 -0.494629 1.79395 -0.505859 1.78516 -0.48877 0.656738 -0.507324 0.656738 -0.490723 0.644531 -0.507324 0.909668 -0.505371 0.936035 -0.493164 0.909668 -0.493164 0.936035 -0.493164 0.909668 -0.505371 0.936035 -0.505371 0.524414 -0.421143 0.563477 -0.401855 0.538574 -0.401855 0.563477 -0.401855 0.524414 -0.421143 0.524414 -0.487305 0.563477 -0.401855 0.611816 -0.387451 0.563477 -0.387451 0.611816 -0.387451 0.563477 -0.401855 0.611816 -0.401855 0.563477 -0.401855 0.650879 -0.487305 0.611816 -0.401855 0.650879 -0.487305 0.563477 -0.401855 0.524414 -0.487305 0.524414 -0.487305 0.64209 -0.504395 0.650879 -0.487305 0.650879 -0.421143 0.611816 -0.401855 0.650879 -0.487305 0.611816 -0.401855 0.650879 -0.421143 0.636719 -0.401855 0.008650958 -0.30957 0.04592895 -0.31958 0.03509497 -0.30957 0.04592895 -0.31958 0.008650958 -0.30957 0.001090943 -0.319336 0.02340698 -0.362061 0.04592895 -0.31958 0.001090943 -0.319336 0.04592895 -0.31958 0.02340698 -0.362061 0.04592895 -0.362061 0.993164 -0.489502 0.869629 -0.380615 0.869629 -0.489502 0.869629 -0.380615 0.993164 -0.489502 0.993164 -0.380615 0.141968 -0.306152 0.110291 -0.259277 0.110291 -0.306396 0.110291 -0.259277 0.141968 -0.306152 0.141968 -0.259277 0.151001 -0.259277 0.141968 -0.306152 0.151001 -0.300537 0.141968 -0.306152 0.151001 -0.259277 0.141968 -0.259277 0.151001 -0.244873 0.141968 -0.259277 0.151001 -0.259277 0.141968 -0.259277 0.151001 -0.244873 0.141968 -0.244873 0.110291 -0.244873 0.141968 -0.259277 0.141968 -0.244873 0.141968 -0.259277 0.110291 -0.244873 0.110291 -0.259277 0.100891 -0.244873 0.110291 -0.259277 0.110291 -0.244873 0.110291 -0.259277 0.100891 -0.244873 0.100891 -0.259277 0.100891 -0.259277 0.110291 -0.306396 0.110291 -0.259277 0.110291 -0.306396 0.100891 -0.259277 0.100891 -0.300781 0.410889 -0.406006 0.355713 -0.418945 0.410889 -0.418945 0.355713 -0.418945 0.410889 -0.406006 0.355713 -0.406006 0.355713 -0.406006 0.333496 -0.418945 0.355713 -0.418945 0.333496 -0.418945 0.355713 -0.406006 0.333496 -0.406006 0.410156 -0.422363 0.315918 -0.422363 0.394287 -0.439209 0.38501 -0.489014 0.38916 -0.497314 0.394287 -0.497314 0.394287 -0.439209 0.38501 -0.489014 0.394287 -0.497314 0.315918 -0.422363 0.38501 -0.489014 0.394287 -0.439209 0.315918 -0.489014 0.38501 -0.489014 0.315918 -0.422363 1.39355 -0.439209 1.31543 -0.422363 1.41016 -0.422363 1.31543 -0.422363 1.38477 -0.489014 1.31543 -0.489014 1.39355 -0.439209 1.38477 -0.489014 1.31543 -0.422363 1.39355 -0.497314 1.38477 -0.489014 1.39355 -0.439209 1.39355 -0.497314 1.38867 -0.497314 1.38477 -0.489014 1.58105 -0.10498 1.59277 -0.08648598 1.59277 -0.104919 1.59277 -0.08648598 1.58105 -0.10498 1.58105 -0.08679199 1.58105 -0.08679199 1.59277 -0.001420974 1.59277 -0.08648598 1.59277 -0.001420974 1.58105 -0.08679199 1.58105 -0.001420974 0.643066 -0.00306499 0.643066 -0.01266396 0.660645 -0.00306499 0.59668 -0.00306499 0.61377 -0.01266396 0.61377 -0.00306499 0.59668 -0.00306499 0.61377 -0.08880597 0.61377 -0.01266396 0.61377 -0.08880597 0.643066 -0.01266396 0.61377 -0.01266396 0.643066 -0.01266396 0.61377 -0.08880597 0.643066 -0.08880597 0.643066 -0.08880597 0.660645 -0.00306499 0.643066 -0.01266396 0.660645 -0.00306499 0.643066 -0.08880597 0.660645 -0.08813399 0.643066 -0.10376 0.660645 -0.08813399 0.643066 -0.08880597 0.660645 -0.08813399 0.643066 -0.10376 0.650391 -0.10376 0.61377 -0.08880597 0.59668 -0.00306499 0.59668 -0.08813399 0.59668 -0.08813399 0.61377 -0.10376 0.61377 -0.08880597 0.61377 -0.10376 0.59668 -0.08813399 0.606445 -0.10376 0.345947 -0.03863495 0.480957 -0.00901699 0.345947 -0.00901699 0.480957 -0.00901699 0.345947 -0.03863495 0.480957 -0.03863495 0.480957 -0.03863495 0.503418 -0.00901699 0.480957 -0.00901699 0.503418 -0.00901699 0.480957 -0.03863495 0.503418 -0.03863495 0.345947 -0.03863495 0.334473 -0.04595899 0.345947 -0.04595899 0.345947 -0.00901699 0.334473 -0.04595899 0.345947 -0.03863495 0.334473 -0.04595899 0.345947 -0.00901699 0.334473 -0.001716971 0.345947 -0.001716971 0.334473 -0.001716971 0.345947 -0.00901699 0.548828 -0.238647 0.530273 -0.2323 0.530273 -0.241577 0.548828 -0.238647 0.567871 -0.253174 0.568848 -0.237183 0.567871 -0.253174 0.548828 -0.238647 0.547852 -0.254395 0.530273 -0.241577 0.547852 -0.254395 0.548828 -0.238647 0.547852 -0.254395 0.530273 -0.241577 0.530273 -0.257813 0.595703 -0.36084 0.617188 -0.254395 0.597168 -0.253174 0.567871 -0.253174 0.595703 -0.36084 0.597168 -0.253174 0.595703 -0.36084 0.567871 -0.253174 0.568359 -0.36084 0.547852 -0.254395 0.568359 -0.36084 0.567871 -0.253174 0.568359 -0.36084 0.547852 -0.254395 0.548828 -0.36084 0.530273 -0.257813 0.548828 -0.36084 0.547852 -0.254395 0.548828 -0.36084 0.530273 -0.257813 0.530273 -0.36084 0.617188 -0.254395 0.595703 -0.36084 0.615234 -0.36084 0.615234 -0.36084 0.634766 -0.257813 0.617188 -0.254395 0.634766 -0.241577 0.617188 -0.254395 0.634766 -0.257813 0.634766 -0.257813 0.615234 -0.36084 0.634766 -0.36084 0.59668 -0.218506 0.615234 -0.185791 0.595703 -0.185791 0.615234 -0.185791 0.59668 -0.218506 0.617188 -0.219849 0.617188 -0.219849 0.634766 -0.185791 0.615234 -0.185791 0.634766 -0.185791 0.617188 -0.219849 0.634766 -0.222656 0.615723 -0.2293699 0.634766 -0.222656 0.617188 -0.219849 0.634766 -0.222656 0.615723 -0.2293699 0.634766 -0.2323 0.615723 -0.2293699 0.634766 -0.241577 0.634766 -0.2323 0.634766 -0.241577 0.615723 -0.2293699 0.616211 -0.238647 0.617188 -0.254395 0.634766 -0.241577 0.616211 -0.238647 0.616211 -0.238647 0.597168 -0.253174 0.617188 -0.254395 0.567871 -0.218506 0.549316 -0.2293699 0.568359 -0.228027 0.596191 -0.228027 0.567871 -0.218506 0.568359 -0.228027 0.567871 -0.218506 0.596191 -0.228027 0.59668 -0.218506 0.596191 -0.228027 0.617188 -0.219849 0.59668 -0.218506 0.617188 -0.219849 0.596191 -0.228027 0.615723 -0.2293699 0.596191 -0.228027 0.616211 -0.238647 0.615723 -0.2293699 0.616211 -0.238647 0.596191 -0.228027 0.596191 -0.237183 0.597168 -0.253174 0.616211 -0.238647 0.596191 -0.237183 0.596191 -0.237183 0.567871 -0.253174 0.597168 -0.253174 0.567871 -0.253174 0.596191 -0.237183 0.568848 -0.237183 0.549316 -0.2293699 0.568848 -0.237183 0.568359 -0.228027 0.596191 -0.237183 0.568359 -0.228027 0.568848 -0.237183 0.568359 -0.228027 0.596191 -0.237183 0.596191 -0.228027 0.549316 -0.2293699 0.567871 -0.218506 0.547852 -0.219727 0.568848 -0.237183 0.549316 -0.2293699 0.548828 -0.238647 0.530273 -0.2323 0.548828 -0.238647 0.549316 -0.2293699 0.547852 -0.219727 0.530273 -0.2323 0.549316 -0.2293699 0.530273 -0.2323 0.547852 -0.219727 0.530273 -0.222656 0.547852 -0.219727 0.530273 -0.185791 0.530273 -0.222656 0.530273 -0.185791 0.547852 -0.219727 0.548828 -0.185791 0.567871 -0.218506 0.548828 -0.185791 0.547852 -0.219727 0.548828 -0.185791 0.567871 -0.218506 0.568359 -0.185791 0.59668 -0.218506 0.568359 -0.185791 0.567871 -0.218506 0.568359 -0.185791 0.59668 -0.218506 0.595703 -0.185791 0.425049 -0.187988 0.401123 -0.139526 0.401123 -0.187988 0.401123 -0.280273 0.425049 -0.187988 0.401123 -0.187988 0.425049 -0.280273 0.443604 -0.187988 0.425049 -0.187988 0.425049 -0.187988 0.401123 -0.280273 0.425049 -0.280273 0.401123 -0.331787 0.425049 -0.280273 0.401123 -0.280273 0.443604 -0.187988 0.425049 -0.280273 0.443604 -0.280273 0.425049 -0.331787 0.443604 -0.280273 0.425049 -0.280273 0.425049 -0.280273 0.401123 -0.331787 0.425049 -0.331787 0.401123 -0.331787 0.425049 -0.345947 0.425049 -0.331787 0.425049 -0.345947 0.401123 -0.331787 0.401123 -0.345947 0.401123 -0.372559 0.425049 -0.345947 0.401123 -0.345947 0.425049 -0.345947 0.401123 -0.372559 0.425049 -0.372559 0.425049 -0.372559 0.443604 -0.345947 0.425049 -0.345947 0.443604 -0.345947 0.425049 -0.372559 0.443604 -0.372559 0.467041 -0.372559 0.443604 -0.345947 0.443604 -0.372559 0.443604 -0.280273 0.425049 -0.331787 0.443604 -0.331787 0.467041 -0.187988 0.443604 -0.142334 0.443604 -0.187988 0.443604 -0.187988 0.467041 -0.280273 0.467041 -0.187988 0.467041 -0.280273 0.443604 -0.187988 0.443604 -0.280273 0.443604 -0.331787 0.467041 -0.280273 0.443604 -0.280273 0.467041 -0.280273 0.443604 -0.331787 0.467041 -0.331787 0.443604 -0.331787 0.467041 -0.345947 0.467041 -0.331787 0.467041 -0.345947 0.443604 -0.331787 0.443604 -0.345947 0.425049 -0.331787 0.443604 -0.345947 0.443604 -0.331787 0.443604 -0.345947 0.425049 -0.331787 0.425049 -0.345947 0.443604 -0.345947 0.467041 -0.372559 0.467041 -0.345947 0.467041 -0.372559 0.485596 -0.345947 0.467041 -0.345947 0.485596 -0.345947 0.467041 -0.331787 0.467041 -0.345947 0.467041 -0.331787 0.485596 -0.345947 0.485596 -0.331787 0.485596 -0.331787 0.467041 -0.280273 0.467041 -0.331787 0.467041 -0.280273 0.485596 -0.331787 0.485596 -0.280273 0.485596 -0.280273 0.467041 -0.187988 0.467041 -0.280273 0.467041 -0.187988 0.485596 -0.280273 0.485596 -0.187988 0.485596 -0.187988 0.467041 -0.1424559 0.467041 -0.187988 0.467041 -0.1424559 0.485596 -0.187988 0.485596 -0.145142 0.485596 -0.345947 0.467041 -0.372559 0.485596 -0.372559 0.485596 -0.372559 0.509277 -0.345947 0.485596 -0.345947 0.509277 -0.345947 0.485596 -0.331787 0.485596 -0.345947 0.485596 -0.331787 0.509277 -0.345947 0.509277 -0.331787 0.485596 -0.280273 0.509277 -0.331787 0.509277 -0.280273 0.509277 -0.280273 0.485596 -0.187988 0.485596 -0.280273 0.485596 -0.187988 0.509277 -0.280273 0.509277 -0.187988 0.509277 -0.1398929 0.485596 -0.187988 0.509277 -0.187988 0.485596 -0.187988 0.509277 -0.1398929 0.485596 -0.145142 0.509277 -0.1398929 0.485596 -0.132568 0.485596 -0.145142 0.509277 -0.1215209 0.485596 -0.132568 0.509277 -0.1398929 0.485596 -0.132568 0.509277 -0.1215209 0.485596 -0.117371 0.509277 -0.345947 0.485596 -0.372559 0.509277 -0.372559 0.485596 -0.145142 0.467041 -0.130493 0.467041 -0.1424559 0.467041 -0.130493 0.485596 -0.145142 0.485596 -0.132568 0.485596 -0.132568 0.467041 -0.116455 0.467041 -0.130493 0.467041 -0.116455 0.485596 -0.132568 0.485596 -0.117371 0.485596 -0.117371 0.467041 -0.101563 0.467041 -0.116455 0.467041 -0.101563 0.485596 -0.117371 0.485596 -0.101563 0.509277 -0.1215209 0.485596 -0.101563 0.485596 -0.117371 0.485596 -0.101563 0.509277 -0.1215209 0.509277 -0.101563 0.443604 -0.101563 0.467041 -0.116455 0.467041 -0.101563 0.401123 -0.121155 0.425049 -0.101563 0.401123 -0.101563 0.425049 -0.101563 0.401123 -0.121155 0.425049 -0.117249 0.425049 -0.117249 0.443604 -0.101563 0.425049 -0.101563 0.443604 -0.101563 0.425049 -0.117249 0.443604 -0.116394 0.467041 -0.116455 0.443604 -0.101563 0.443604 -0.116394 0.443604 -0.130371 0.467041 -0.116455 0.443604 -0.116394 0.467041 -0.116455 0.443604 -0.130371 0.467041 -0.130493 0.443604 -0.130371 0.467041 -0.1424559 0.467041 -0.130493 0.467041 -0.1424559 0.443604 -0.130371 0.443604 -0.142334 0.443604 -0.142334 0.467041 -0.187988 0.467041 -0.1424559 0.443604 -0.142334 0.425049 -0.187988 0.443604 -0.187988 0.425049 -0.187988 0.443604 -0.142334 0.425049 -0.144897 0.401123 -0.139526 0.425049 -0.187988 0.425049 -0.144897 0.425049 -0.132446 0.401123 -0.139526 0.425049 -0.144897 0.425049 -0.132446 0.401123 -0.121155 0.401123 -0.139526 0.401123 -0.121155 0.425049 -0.132446 0.425049 -0.117249 0.425049 -0.132446 0.443604 -0.116394 0.425049 -0.117249 0.443604 -0.116394 0.425049 -0.132446 0.443604 -0.130371 0.425049 -0.132446 0.443604 -0.142334 0.443604 -0.130371 0.443604 -0.142334 0.425049 -0.132446 0.425049 -0.144897 0.40918 -0.07458496 0.510254 -0.05407696 0.40625 -0.05407696 0.510254 -0.05407696 0.40918 -0.07458496 0.511719 -0.06179797 0.511719 -0.06179797 0.522949 -0.05407696 0.510254 -0.05407696 0.522949 -0.05407696 0.511719 -0.06179797 0.523926 -0.060485 0.523926 -0.060485 0.536133 -0.05407696 0.522949 -0.05407696 0.536133 -0.05407696 0.523926 -0.060485 0.536621 -0.05978298 0.536621 -0.05978298 0.563477 -0.05407696 0.536133 -0.05407696 0.563477 -0.05407696 0.536621 -0.05978298 0.563477 -0.05984497 0.57666 -0.06051599 0.563477 -0.05407696 0.563477 -0.05984497 0.563477 -0.05407696 0.57666 -0.06051599 0.57666 -0.05407696 0.347168 -0.07556098 0.337158 -0.05407696 0.337158 -0.07549995 0.337158 -0.05407696 0.347168 -0.07556098 0.3479 -0.05407696 0.361572 -0.07635498 0.3479 -0.05407696 0.347168 -0.07556098 0.3479 -0.05407696 0.361572 -0.07635498 0.361572 -0.05407696 0.384521 -0.07635498 0.361572 -0.05407696 0.361572 -0.07635498 0.361572 -0.05407696 0.384521 -0.07635498 0.382568 -0.05407696 0.384521 -0.07635498 0.39624 -0.05407696 0.382568 -0.05407696 0.39624 -0.05407696 0.384521 -0.07635498 0.398926 -0.07543897 0.398926 -0.07543897 0.40625 -0.05407696 0.39624 -0.05407696 0.40625 -0.05407696 0.398926 -0.07543897 0.40918 -0.07458496 0.384521 -0.304688 0.384521 -0.195923 0.345703 -0.304932 0.384521 -0.195923 0.264893 -0.196045 0.264893 -0.209473 0.305664 -0.251221 0.384521 -0.195923 0.264893 -0.209473 0.345703 -0.304932 0.384521 -0.195923 0.305664 -0.251221 0.298828 -0.262695 0.345703 -0.304932 0.305664 -0.251221 0.28833 -0.277344 0.345703 -0.304932 0.298828 -0.262695 0.28833 -0.277344 0.327881 -0.3396 0.345703 -0.304932 0.327881 -0.3396 0.28833 -0.277344 0.26123 -0.31958 0.327148 -0.350098 0.327881 -0.3396 0.26123 -0.31958 0.327148 -0.350098 0.26123 -0.31958 0.324219 -0.359375 0.31543 -0.374512 0.324219 -0.359375 0.26123 -0.31958 0.207764 -0.393066 0.31543 -0.374512 0.26123 -0.31958 0.31543 -0.374512 0.207764 -0.393066 0.285645 -0.472656 0.178223 -0.433105 0.285645 -0.472656 0.207764 -0.393066 0.173096 -0.445557 0.285645 -0.472656 0.178223 -0.433105 0.171509 -0.472168 0.285645 -0.472656 0.173096 -0.445557 0.285645 -0.472656 0.171509 -0.472168 0.301514 -0.503906 0.30957 -0.483887 0.285645 -0.472656 0.301514 -0.503906 0.111633 -0.05966097 0.103821 -0.02101099 0.103821 -0.07726997 0.124939 -0.05056697 0.103821 -0.02101099 0.111633 -0.05966097 0.158691 -0.05056697 0.103821 -0.02101099 0.124939 -0.05056697 0.103821 -0.02101099 0.158691 -0.05056697 0.17981 -0.02099597 0.172119 -0.05966097 0.17981 -0.02099597 0.158691 -0.05056697 0.1799319 -0.07726997 0.17981 -0.02099597 0.172119 -0.05966097 1.02246 -0.362061 1.0459 -0.31958 1.0459 -0.362061 1.0459 -0.31958 1.02246 -0.362061 1.00098 -0.319336 1.00781 -0.30957 1.0459 -0.31958 1.00098 -0.319336 1.0459 -0.31958 1.00781 -0.30957 1.03418 -0.30957 1.93066 -0.06610095 1.73145 -0.14856 1.73145 -0.06610095 1.73145 -0.14856 1.93066 -0.06610095 1.93066 -0.14856 1.83984 -0.187256 1.99707 -0.240967 1.83984 -0.240967 1.99707 -0.240967 1.83984 -0.187256 1.99707 -0.187256 1.83984 -0.1521 1.99707 -0.18396 1.83984 -0.18396 1.99707 -0.18396 1.83984 -0.1521 1.99707 -0.1521 1.93066 -0.004088997 1.73145 -0.06222498 1.73145 -0.004088997 1.73145 -0.06222498 1.93066 -0.004088997 1.93066 -0.06222498 -7.77734 -0.224487 -7.5625 0.07641595 -7.77734 0.07641595 -7.5625 0.07641595 -7.77734 -0.224487 -7.5625 -0.224487 0.992188 -0.08514398 0.997559 -0.004088997 0.992188 -0.009727001 0.997559 -0.004088997 0.992188 -0.08514398 0.997559 -0.09063696 0.840332 -0.1521 0.99707 -0.18396 0.99707 -0.1521 0.99707 -0.18396 0.840332 -0.1521 0.840332 -0.18396 0.979492 -0.02268898 0.949707 -0.07256996 0.979492 -0.07256996 0.949707 -0.07256996 0.979492 -0.02268898 0.949707 -0.02268898 0.995117 -0.004244983 0.939453 -0.00988698 0.989746 -0.00988698 0.939453 -0.00988698 0.995117 -0.004244983 0.934082 -0.004244983 0.931152 -0.06610095 0.731934 -0.14856 0.931152 -0.14856 0.731934 -0.14856 0.931152 -0.06610095 0.731934 -0.06610095 0.937988 -0.08532696 0.933105 -0.004244983 0.933105 -0.09081995 0.933105 -0.004244983 0.937988 -0.08532696 0.937988 -0.00988698 0.840332 -0.187256 0.99707 -0.240967 0.99707 -0.187256 0.99707 -0.240967 0.840332 -0.187256 0.840332 -0.240967 0.98877 -0.084167 0.94873 -0.07433998 0.94043 -0.084167 0.94873 -0.07433998 0.98877 -0.084167 0.980469 -0.07433998 0.98877 -0.01106995 0.980469 -0.07433998 0.98877 -0.084167 0.980469 -0.07433998 0.98877 -0.01106995 0.980469 -0.021209 0.98877 -0.01106995 0.94873 -0.021209 0.980469 -0.021209 0.94873 -0.021209 0.98877 -0.01106995 0.94043 -0.01106995 0.94043 -0.01106995 0.94873 -0.07433998 0.94873 -0.021209 0.94873 -0.07433998 0.94043 -0.01106995 0.94043 -0.084167 0.170776 -0.415771 0.170776 -0.409424 0.1643069 -0.415771 0.1643069 -0.415771 0.170776 -0.437744 0.170776 -0.415771 0.170776 -0.437744 0.1643069 -0.415771 0.166748 -0.437744 0.1643069 -0.501465 0.166748 -0.437744 0.1643069 -0.415771 0.166748 -0.437744 0.1643069 -0.501465 0.166748 -0.479248 0.1643069 -0.501465 0.170776 -0.479248 0.166748 -0.479248 0.170776 -0.479248 0.1643069 -0.501465 0.170776 -0.501465 0.1643069 -0.501465 0.170776 -0.507813 0.170776 -0.501465 0.170776 -0.507813 0.279297 -0.501465 0.170776 -0.501465 0.279297 -0.501465 0.170776 -0.507813 0.279297 -0.507813 0.696777 -0.305176 0.696777 -0.239258 0.64209 -0.239258 0.696777 -0.305176 0.64209 -0.239258 0.64209 -0.328125 0.682129 -0.328125 0.696777 -0.305176 0.64209 -0.328125 0.995117 -0.09081995 0.939453 -0.08532696 0.934082 -0.09081995 0.939453 -0.08532696 0.995117 -0.09081995 0.989746 -0.08532696 0.931152 -0.004088997 0.731934 -0.06222498 0.931152 -0.06222498 0.731934 -0.06222498 0.931152 -0.004088997 0.731934 -0.004088997 0.430176 -0.39917 0.421631 -0.411621 0.430176 -0.411621 0.421631 -0.411621 0.430176 -0.39917 0.421631 -0.39917 0.437012 -0.398193 0.431885 -0.411865 0.437012 -0.411865 0.431885 -0.411865 0.437012 -0.398193 0.431885 -0.398193 -10.3672 -0.84668 -9.67969 -0.746582 -10.3672 -0.746582 -9.67969 -0.746582 -10.3672 -0.84668 -9.67969 -0.84668 0.313965 -0.506348 0.383057 -0.49292 0.313965 -0.49292 0.383057 -0.49292 0.313965 -0.506348 0.383057 -0.506348 -9.29688 -0.05682295 -9.19531 -0.54248 -9.19531 -0.05682295 -9.19531 -0.54248 -9.29688 -0.05682295 -9.29688 -0.54248 -9.60156 -1.04297 -9.375 -1.34375 -9.375 -1.04297 -9.375 -1.34375 -9.60156 -1.04297 -9.60156 -1.34375 -9.60938 -1.04102 -10.1641 -1.14551 -9.60938 -1.14551 -10.1641 -1.14551 -9.60938 -1.04102 -10.1641 -1.04102 -10.2109 -0.980957 -10.1641 -1.04102 -10.1641 -0.980957 -10.2109 -1.20605 -10.1641 -1.04102 -10.2109 -0.980957 -10.1641 -1.04102 -10.2109 -1.20605 -10.1641 -1.14551 -10.1641 -1.20605 -10.1641 -1.14551 -10.2109 -1.20605 0.727051 -0.089172 0.697266 -0.003754973 0.697266 -0.089172 0.697266 -0.003754973 0.727051 -0.089172 0.727051 -0.003754973 0.59668 -0.106628 0.650391 -0.121887 0.660645 -0.106628 0.650391 -0.121887 0.59668 -0.106628 0.606445 -0.121887 0.581543 -0.08679199 0.592773 -0.001420974 0.581543 -0.001420974 0.592773 -0.001420974 0.581543 -0.08679199 0.592773 -0.08648598 0.581543 -0.10498 0.592773 -0.08648598 0.581543 -0.08679199 0.592773 -0.08648598 0.581543 -0.10498 0.592773 -0.104919 1.99609 -0.24585 1.83887 -0.255371 1.83887 -0.24585 1.83887 -0.255371 1.99609 -0.24585 1.97949 -0.255127 1.99609 -0.331299 1.97949 -0.255127 1.99609 -0.24585 1.97949 -0.255127 1.99609 -0.331299 1.97949 -0.320557 1.97363 -0.346436 1.97949 -0.320557 1.99609 -0.331299 1.97949 -0.320557 1.97363 -0.346436 1.96387 -0.331543 1.97363 -0.346436 1.83887 -0.331543 1.96387 -0.331543 1.83887 -0.331543 1.97363 -0.346436 1.83887 -0.346436 1.9873 -0.788574 1.99805 -0.783691 1.9873 -0.79248 1.46973 -0.79248 1.9873 -0.788574 1.9873 -0.79248 1.9873 -0.788574 1.46973 -0.79248 1.45605 -0.788574 0.383301 -0.104736 0.380859 -0.08605897 0.36499 -0.09869295 0.36499 -0.09869295 0.378174 -0.118408 0.383301 -0.104736 0.378174 -0.118408 0.36499 -0.09869295 0.358154 -0.117126 0.358398 -0.1424559 0.378174 -0.118408 0.358154 -0.117126 0.378174 -0.118408 0.358398 -0.1424559 0.378418 -0.140747 0.365479 -0.160767 0.378418 -0.140747 0.358398 -0.1424559 0.378418 -0.140747 0.365479 -0.160767 0.384033 -0.154419 0.381836 -0.173096 0.384033 -0.154419 0.365479 -0.160767 0.384033 -0.154419 0.381836 -0.173096 0.39209 -0.161255 0.54541 -0.147339 0.51709 -0.15625 0.527832 -0.173462 0.51709 -0.15625 0.54541 -0.147339 0.523438 -0.144287 0.54541 -0.147339 0.523926 -0.115112 0.523438 -0.144287 0.523926 -0.115112 0.54541 -0.147339 0.54541 -0.1121219 0.54541 -0.1121219 0.51709 -0.102905 0.523926 -0.115112 0.51709 -0.102905 0.54541 -0.1121219 0.52832 -0.08587598 0.504883 -0.097534 0.51709 -0.102905 0.52832 -0.08587598 0.52832 -0.08587598 0.391357 -0.09771698 0.504883 -0.097534 0.391357 -0.09771698 0.52832 -0.08587598 0.380859 -0.08605897 0.380859 -0.08605897 0.383301 -0.104736 0.391357 -0.09771698 0.995605 -0.57959 0.995605 -0.567383 0.977051 -0.57959 0.995605 -0.567383 0.204468 -0.57959 0.977051 -0.57959 0.204468 -0.57959 0.995605 -0.567383 0.918457 -0.567383 0.918457 -0.55127 0.204468 -0.57959 0.918457 -0.567383 0.204468 -0.57959 0.918457 -0.55127 0.204468 -0.538086 0.995605 -0.55127 0.204468 -0.538086 0.918457 -0.55127 0.204468 -0.538086 0.995605 -0.55127 0.977051 -0.538086 0.977051 -0.538086 0.995605 -0.55127 0.995605 -0.538086 1.30176 -0.73877 1.45605 -0.780273 1.30176 -0.780273 1.30176 -0.674316 1.45605 -0.780273 1.30176 -0.73877 1.9834 -0.674316 1.45605 -0.780273 1.30176 -0.674316 1.45605 -0.780273 1.9834 -0.674316 1.9834 -0.780273 1.9834 -0.674316 1.99414 -0.780273 1.9834 -0.780273 1.99414 -0.780273 1.9834 -0.674316 1.99414 -0.674316 1.9834 -0.632324 1.99414 -0.674316 1.9834 -0.674316 1.99414 -0.674316 1.9834 -0.632324 1.99512 -0.632324 1.30176 -0.674316 1.9834 -0.632324 1.9834 -0.674316 1.9834 -0.632324 1.30176 -0.674316 1.25195 -0.632324 1.25195 -0.632324 1.30176 -0.674316 1.25195 -0.637695 0.513672 -0.331787 0.522949 -0.368896 0.522949 -0.342529 0.522949 -0.368896 0.513672 -0.331787 0.513672 -0.379639 0.650391 -0.379639 0.522949 -0.368896 0.513672 -0.379639 0.522949 -0.368896 0.650391 -0.379639 0.64209 -0.368896 0.650391 -0.331787 0.64209 -0.368896 0.650391 -0.379639 0.64209 -0.368896 0.650391 -0.331787 0.64209 -0.342529 0.713867 -0.206787 0.770996 -0.219116 0.770996 -0.206787 0.770996 -0.219116 0.713867 -0.206787 0.713867 -0.219116 0.311035 -0.09619098 0.332764 -0.153198 0.332764 -0.09619098 0.332764 -0.153198 0.311035 -0.09619098 0.311035 -0.153198 0.217163 -0.135376 0.222168 -0.113525 0.217163 -0.113525 0.222168 -0.113525 0.217163 -0.135376 0.222168 -0.135376 0.679199 -0.209106 0.70752 -0.2149659 0.70752 -0.209106 0.70752 -0.2149659 0.679199 -0.209106 0.650391 -0.2149659 0.679199 -0.20166 0.650391 -0.2149659 0.679199 -0.209106 0.650391 -0.2149659 0.679199 -0.20166 0.650391 -0.196655 0.679199 -0.20166 0.70752 -0.196655 0.650391 -0.196655 0.70752 -0.196655 0.679199 -0.20166 0.70752 -0.20166 0.833008 -0.488281 0.805664 -0.396973 0.805664 -0.488281 0.805664 -0.396973 0.833008 -0.488281 0.833008 -0.429932 0.818848 -0.396973 0.805664 -0.396973 0.833008 -0.429932 0.743652 -0.203125 0.714844 -0.178345 0.714844 -0.203125 0.714844 -0.178345 0.743652 -0.203125 0.743652 -0.178345 0.34082 -0.13855 0.34668 -0.109985 0.34082 -0.109985 0.34668 -0.109985 0.34082 -0.13855 0.34668 -0.13855 0.177734 -0.163696 0.149048 -0.153687 0.149048 -0.163696 0.149048 -0.153687 0.177734 -0.163696 0.177734 -0.153687 0.265381 -0.2468259 0.293945 -0.262695 0.293945 -0.2468259 0.293945 -0.262695 0.265381 -0.2468259 0.265381 -0.262695 1.09082 -0.68457 1.02051 -0.716309 1.05469 -0.682129 1.02051 -0.716309 1.09082 -0.68457 1.0332 -0.743652 1.00488 -0.743164 1.02051 -0.716309 1.0332 -0.743652 1.0332 -0.800293 1.00488 -0.743164 1.0332 -0.743652 1.0332 -0.800293 1.00488 -0.804199 1.00488 -0.743164 1.37109 -0.526855 1.21387 -0.533203 1.21387 -0.526855 1.21387 -0.533203 1.37109 -0.526855 1.34863 -0.533203 1.00488 -0.478027 1.02441 -0.442383 1.0293 -0.473389 1.00195 -0.411377 1.02441 -0.442383 1.00488 -0.478027 1.0293 -0.416504 1.02441 -0.442383 1.00195 -0.411377 1.19336 -0.65918 1.09375 -0.687988 1.09375 -0.65918 1.09375 -0.687988 1.19336 -0.65918 1.19336 -0.687988 1.17871 -0.600586 1.97168 -0.597656 1.96973 -0.600586 1.72949 -0.1687009 1.7373 -0.171631 1.73145 -0.171631 1.7373 -0.171631 1.72949 -0.1687009 1.7373 -0.15332 1.18066 -0.608887 1.97266 -0.603027 1.97266 -0.608887 1.97266 -0.603027 1.18066 -0.608887 1.18066 -0.603027 1.18262 -0.595703 1.97656 -0.581055 1.97168 -0.595703 1.97656 -0.581055 1.18262 -0.595703 1.2041 -0.581055 0.695801 -0.417236 0.742676 -0.4021 0.695801 -0.4021 0.742676 -0.4021 0.695801 -0.417236 0.742676 -0.417236 0.774902 -0.388184 0.826172 -0.376221 0.774902 -0.376221 0.826172 -0.376221 0.774902 -0.388184 0.826172 -0.388184 0.875488 -0.351074 0.862305 -0.376221 0.875488 -0.376221 0.826172 -0.376221 0.862305 -0.376221 0.875488 -0.351074 0.73877 -0.351074 0.826172 -0.376221 0.875488 -0.351074 0.826172 -0.376221 0.73877 -0.351074 0.774902 -0.376221 0.73877 -0.376221 0.774902 -0.376221 0.73877 -0.351074 0.41333 -0.413574 0.413574 -0.446533 0.438721 -0.413574 0.413574 -0.446533 0.486572 -0.413574 0.438721 -0.413574 0.486572 -0.413574 0.438721 -0.39917 0.438721 -0.413574 0.438721 -0.39917 0.486572 -0.413574 0.486572 -0.39917 0.511719 -0.504883 0.413574 -0.446533 0.413574 -0.504883 0.413574 -0.446533 0.511719 -0.504883 0.511719 -0.446533 0.486572 -0.413574 0.413574 -0.446533 0.511719 -0.446533 0.486572 -0.413574 0.511719 -0.446533 0.511719 -0.413574 0.660156 -0.399902 0.694824 -0.419678 0.694824 -0.399902 0.694824 -0.419678 0.660156 -0.399902 0.660156 -0.422852 0.660156 -0.422852 0.743652 -0.419678 0.694824 -0.419678 0.743652 -0.399902 0.777832 -0.422852 0.777832 -0.400146 0.777832 -0.422852 0.743652 -0.399902 0.743652 -0.419678 0.743652 -0.419678 0.660156 -0.422852 0.777832 -0.422852 0.660156 -0.422852 0.777832 -0.485596 0.777832 -0.422852 0.777832 -0.485596 0.660156 -0.422852 0.660156 -0.485596 0.660156 -0.485596 0.777832 -0.503906 0.777832 -0.485596 0.777832 -0.503906 0.660156 -0.485596 0.660156 -0.503906 0.996582 -0.35083 0.877441 -0.377197 0.996582 -0.377197 0.877441 -0.377197 0.996582 -0.35083 0.877441 -0.35083 0.958496 -0.314941 0.839355 -0.327393 0.958496 -0.327393 0.839355 -0.327393 0.958496 -0.314941 0.839355 -0.314941 0.996582 -0.503906 0.970215 -0.491699 0.970215 -0.503906 0.970215 -0.491699 0.996582 -0.503906 0.996582 -0.491699 0.561035 -0.39624 0.424072 -0.38208 0.424072 -0.39624 0.424072 -0.38208 0.561035 -0.39624 0.561035 -0.38208 0.836914 -0.489258 0.864258 -0.390869 0.836914 -0.390869 0.864258 -0.390869 0.836914 -0.489258 0.864258 -0.489258 0.977051 -0.287842 0.835938 -0.258301 0.835938 -0.287842 0.835938 -0.258301 0.977051 -0.287842 0.977051 -0.258301 0.697754 -0.158936 0.727539 -0.09344398 0.697754 -0.09344398 0.727539 -0.09344398 0.697754 -0.158936 0.727539 -0.158936 -7.61719 0.158447 -7.46875 -0.06463599 -7.46875 0.158447 -7.46875 -0.06463599 -7.61719 0.158447 -7.61719 -0.06463599 0.100464 -0.138428 0.002304971 -0.002724945 0.002304971 -0.138428 0.002304971 -0.002724945 0.100464 -0.138428 0.100464 -0.002724945 1.11719 -0.479736 1.08887 -0.504395 1.08887 -0.479736 1.10156 -0.540527 1.08887 -0.504395 1.11719 -0.479736 1.10156 -0.540527 1.07813 -0.531738 1.08887 -0.504395 1.83301 -0.429932 1.80566 -0.396973 1.81836 -0.396973 1.83301 -0.488281 1.80566 -0.396973 1.83301 -0.429932 1.80566 -0.396973 1.83301 -0.488281 1.80566 -0.488281 0.663574 -0.01849299 0.693359 -0.002806961 0.663574 -0.002806961 0.693359 -0.002806961 0.663574 -0.01849299 0.693359 -0.01849299 0.663574 -0.143555 0.693359 -0.01849299 0.663574 -0.01849299 0.693359 -0.01849299 0.663574 -0.143555 0.693359 -0.143555 0.656738 -0.992188 0.8750001 -0.99707 0.875977 -0.992188 0.876465 -0.92041 0.656738 -0.992188 0.875977 -0.992188 0.656738 -0.992188 0.876465 -0.92041 0.657227 -0.92041 0.875488 -0.915527 0.657227 -0.92041 0.876465 -0.92041 0.657227 -0.92041 0.875488 -0.915527 0.655762 -0.915527 0.07836896 -0.993164 0.04971295 -0.955566 0.04971295 -0.993164 0.04971295 -0.955566 0.07836896 -0.993164 0.07836896 -0.955566 0.07836896 -0.955566 0.04971295 -0.937988 0.04971295 -0.955566 0.04971295 -0.937988 0.07836896 -0.955566 0.07836896 -0.937988 0.07836896 -0.937988 0.04971295 -0.855957 0.04971295 -0.937988 0.04971295 -0.855957 0.07836896 -0.937988 0.07836896 -0.855957 0.07836896 -0.855957 0.04971295 -0.84375 0.04971295 -0.855957 0.04971295 -0.84375 0.07836896 -0.855957 0.07836896 -0.84375 0.07836896 -0.830078 0.04971295 -0.84375 0.07836896 -0.84375 0.04971295 -0.84375 0.07836896 -0.830078 0.04971295 -0.830078 0.03680396 -0.157715 0.06082099 -0.200317 0.04263299 -0.157715 0.06082099 -0.200317 0.03680396 -0.157715 0.05251997 -0.200317 0.03680396 -0.157715 0.05251997 -0.2331539 0.05251997 -0.200317 0.05251997 -0.2331539 0.03680396 -0.157715 0.03680396 -0.2331539 0.785645 -0.422607 0.799805 -0.494629 0.799316 -0.40332 0.799805 -0.494629 0.785645 -0.422607 0.785645 -0.48877 0.785645 -0.48877 0.794434 -0.505859 0.799805 -0.494629 0.90332 -0.505859 0.799805 -0.494629 0.794434 -0.505859 0.799805 -0.494629 0.90332 -0.505859 0.897949 -0.494629 0.974121 -0.346436 0.838867 -0.331543 0.838867 -0.346436 0.838867 -0.331543 0.974121 -0.346436 0.963867 -0.331543 0.974121 -0.346436 0.97998 -0.320557 0.963867 -0.331543 0.97998 -0.320557 0.974121 -0.346436 0.996582 -0.331299 0.996582 -0.331299 0.97998 -0.255127 0.97998 -0.320557 0.97998 -0.255127 0.996582 -0.331299 0.996582 -0.24585 0.996582 -0.24585 0.838867 -0.255371 0.97998 -0.255127 0.838867 -0.255371 0.996582 -0.24585 0.838867 -0.24585 0.978027 -0.920898 0.958008 -0.987305 0.978027 -0.987305 0.958008 -0.992188 0.978027 -0.987305 0.958008 -0.987305 0.978027 -0.987305 0.958008 -0.992188 0.978027 -0.991699 0.990723 -0.987305 0.978027 -0.987305 0.978027 -0.991699 0.978027 -0.987305 0.990723 -0.987305 0.989258 -0.983398 0.978027 -0.987305 0.989258 -0.983398 0.989746 -0.979004 0.989746 -0.929199 0.978027 -0.987305 0.989746 -0.979004 0.978027 -0.987305 0.989746 -0.929199 0.978027 -0.920898 0.989746 -0.929199 0.989258 -0.924805 0.978027 -0.920898 0.990723 -0.920898 0.978027 -0.920898 0.989258 -0.924805 0.978027 -0.920898 0.990723 -0.920898 0.978027 -0.916504 0.958008 -0.916016 0.978027 -0.920898 0.978027 -0.916504 0.978027 -0.920898 0.958008 -0.916016 0.958008 -0.920898 0.958008 -0.987305 0.978027 -0.920898 0.958008 -0.920898 -9.41406 0.430664 -9.32813 0.410645 -9.34375 0.430664 -9.32813 0.410645 -9.41406 0.430664 -9.42969 0.410645 -9.42969 0.32251 -9.32813 0.410645 -9.42969 0.410645 -9.32813 0.410645 -9.42969 0.32251 -9.32813 0.32251 -9.41406 0.30249 -9.32813 0.32251 -9.42969 0.32251 -9.32813 0.32251 -9.41406 0.30249 -9.34375 0.30249 0.03814697 -0.252197 0.04778999 -0.238403 0.03814697 -0.238403 0.04778999 -0.238403 0.03814697 -0.252197 0.04778999 -0.252197 0.08306795 -0.252197 0.04778999 -0.238403 0.04778999 -0.252197 0.04778999 -0.238403 0.08306795 -0.252197 0.08306795 -0.238403 0.092651 -0.252197 0.08306795 -0.238403 0.08306795 -0.252197 0.08306795 -0.238403 0.092651 -0.252197 0.092651 -0.238403 0.03814697 -0.304443 0.04778999 -0.252197 0.03814697 -0.252197 0.04778999 -0.252197 0.03814697 -0.304443 0.04778999 -0.308594 0.08306795 -0.309082 0.04778999 -0.252197 0.04778999 -0.308594 0.04778999 -0.252197 0.08306795 -0.309082 0.08306795 -0.252197 0.092651 -0.304932 0.08306795 -0.252197 0.08306795 -0.309082 0.08306795 -0.252197 0.092651 -0.304932 0.092651 -0.252197 0.07293695 -0.361084 0.04962098 -0.352539 0.05206298 -0.361084 0.04962098 -0.352539 0.07293695 -0.361084 0.07861298 -0.352539 0.07861298 -0.321777 0.04962098 -0.352539 0.07861298 -0.352539 0.04962098 -0.352539 0.07861298 -0.321777 0.04962098 -0.321777 0.07293695 -0.313232 0.04962098 -0.321777 0.07861298 -0.321777 0.04962098 -0.321777 0.07293695 -0.313232 0.05206298 -0.313232 0.650879 -0.128418 0.635742 -0.1542969 0.650879 -0.162476 0.618164 -0.150146 0.635742 -0.1542969 0.650879 -0.128418 0.556152 -0.128418 0.618164 -0.150146 0.650879 -0.128418 0.618164 -0.150146 0.556152 -0.128418 0.587402 -0.1500239 0.556152 -0.128418 0.569824 -0.153931 0.587402 -0.1500239 0.556152 -0.161987 0.569824 -0.153931 0.556152 -0.128418 0.07043397 -0.623047 0.01344299 -0.599121 0.01344299 -0.623047 0.01344299 -0.599121 0.07043397 -0.623047 0.06817597 -0.599121 0.06817597 -0.599121 0.07043397 -0.623047 0.07641595 -0.607422 0.07043397 -0.64502 0.07641595 -0.607422 0.07043397 -0.623047 0.07641595 -0.607422 0.07043397 -0.64502 0.07641595 -0.660156 0.07641595 -0.660156 0.07043397 -0.64502 0.06817597 -0.668457 0.07043397 -0.64502 0.01344299 -0.668457 0.06817597 -0.668457 0.01344299 -0.668457 0.07043397 -0.64502 0.01344299 -0.64502 0.259277 -0.284912 0.230713 -0.276855 0.230713 -0.284912 0.230713 -0.276855 0.259277 -0.284912 0.259277 -0.276855 0.259277 -0.258057 0.230713 -0.276855 0.259277 -0.276855 0.230713 -0.276855 0.259277 -0.258057 0.230713 -0.258057 0.259277 -0.258057 0.230713 -0.17981 0.230713 -0.258057 0.230713 -0.17981 0.259277 -0.258057 0.259277 -0.17981 1.15234 -0.73584 1.0625 -0.760742 1.05273 -0.73584 1.0625 -0.760742 1.15234 -0.73584 1.15234 -0.760742 1.15234 -0.760742 1.07324 -0.790527 1.0625 -0.760742 1.07324 -0.790527 1.15234 -0.760742 1.15234 -0.790527 0.78418 -0.2442629 0.829102 -0.256104 0.824219 -0.2442629 0.829102 -0.256104 0.78418 -0.2442629 0.78418 -0.256104 0.78418 -0.30835 0.829102 -0.256104 0.78418 -0.256104 0.829102 -0.256104 0.78418 -0.30835 0.829102 -0.30835 0.78418 -0.320313 0.829102 -0.30835 0.78418 -0.30835 0.829102 -0.30835 0.78418 -0.320313 0.824219 -0.320313 0.08758497 -0.821777 0.078552 -0.802734 0.07861298 -0.821777 0.078552 -0.802734 0.08758497 -0.821777 0.08752399 -0.802734 0.172852 -0.821777 0.08752399 -0.802734 0.08758497 -0.821777 0.08752399 -0.802734 0.172852 -0.821777 0.172852 -0.802734 0.172852 -0.821777 0.1817629 -0.802734 0.172852 -0.802734 0.1817629 -0.802734 0.172852 -0.821777 0.181885 -0.821777 0.1817629 -0.802734 0.181885 -0.821777 0.288818 -0.802734 0.421631 -0.821777 0.288818 -0.802734 0.181885 -0.821777 0.288818 -0.802734 0.421631 -0.821777 0.421875 -0.802734 0.45874 -0.836426 0.421875 -0.802734 0.421631 -0.821777 0.652344 -0.353271 0.652344 -0.381592 0.660156 -0.378174 0.677246 -0.396973 0.660156 -0.378174 0.652344 -0.381592 0.660156 -0.378174 0.677246 -0.396973 0.678711 -0.388916 0.711426 -0.396973 0.678711 -0.388916 0.677246 -0.396973 0.678711 -0.388916 0.711426 -0.396973 0.710449 -0.388672 0.711426 -0.396973 0.729004 -0.37793 0.710449 -0.388672 0.729004 -0.37793 0.711426 -0.396973 0.736328 -0.381348 0.729004 -0.37793 0.736328 -0.381348 0.736328 -0.353027 0.186157 -0.04998695 0.191406 -0.01326698 0.186157 -0.02714496 0.191406 -0.01326698 0.186157 -0.04998695 0.191406 -0.06384199 0.191406 -0.06384199 0.199463 -0.006178975 0.191406 -0.01326698 0.199463 -0.006178975 0.191406 -0.06384199 0.199463 -0.07098299 0.199463 -0.07098299 0.312256 -0.006178975 0.199463 -0.006178975 0.312256 -0.006178975 0.199463 -0.07098299 0.312256 -0.07098299 0.312256 -0.07098299 0.324463 -0.01168799 0.312256 -0.006178975 0.324463 -0.01168799 0.312256 -0.07098299 0.324463 -0.06542897 0.324463 -0.06542897 0.331299 -0.02386397 0.324463 -0.01168799 0.331299 -0.02386397 0.324463 -0.06542897 0.331299 -0.05328297 0.328369 -0.405518 0.359619 -0.381348 0.328613 -0.381104 0.359619 -0.381348 0.328369 -0.405518 0.360107 -0.403564 0.395752 -0.402832 0.359619 -0.381348 0.360107 -0.403564 0.359619 -0.381348 0.395752 -0.402832 0.395264 -0.381104 0.422119 -0.397705 0.395264 -0.381104 0.395752 -0.402832 0.395264 -0.381104 0.422119 -0.397705 0.421875 -0.375244</float_array>
          <technique_common>
            <accessor source="#mesh0-mesh-map-0-array" count="3672" stride="2">
              <param name="S" type="float"/>
              <param name="T" type="float"/>
            </accessor>
          </technique_common>
        </source>
        <vertices id="mesh0-mesh-vertices">
          <input semantic="POSITION" source="#mesh0-mesh-positions"/>
        </vertices>
        <polylist material="AdvPistol_MATINST-material" count="1224">
          <input semantic="VERTEX" source="#mesh0-mesh-vertices" offset="0"/>
          <input semantic="NORMAL" source="#mesh0-mesh-normals" offset="1"/>
          <input semantic="TEXCOORD" source="#mesh0-mesh-map-0" offset="2" set="0"/>
          <vcount>3 3 3 3 3 3 3 3 3 3 3 3 3 3 3 3 3 3 3 3 3 3 3 3 3 3 3 3 3 3 3 3 3 3 3 3 3 3 3 3 3 3 3 3 3 3 3 3 3 3 3 3 3 3 3 3 3 3 3 3 3 3 3 3 3 3 3 3 3 3 3 3 3 3 3 3 3 3 3 3 3 3 3 3 3 3 3 3 3 3 3 3 3 3 3 3 3 3 3 3 3 3 3 3 3 3 3 3 3 3 3 3 3 3 3 3 3 3 3 3 3 3 3 3 3 3 3 3 3 3 3 3 3 3 3 3 3 3 3 3 3 3 3 3 3 3 3 3 3 3 3 3 3 3 3 3 3 3 3 3 3 3 3 3 3 3 3 3 3 3 3 3 3 3 3 3 3 3 3 3 3 3 3 3 3 3 3 3 3 3 3 3 3 3 3 3 3 3 3 3 3 3 3 3 3 3 3 3 3 3 3 3 3 3 3 3 3 3 3 3 3 3 3 3 3 3 3 3 3 3 3 3 3 3 3 3 3 3 3 3 3 3 3 3 3 3 3 3 3 3 3 3 3 3 3 3 3 3 3 3 3 3 3 3 3 3 3 3 3 3 3 3 3 3 3 3 3 3 3 3 3 3 3 3 3 3 3 3 3 3 3 3 3 3 3 3 3 3 3 3 3 3 3 3 3 3 3 3 3 3 3 3 3 3 3 3 3 3 3 3 3 3 3 3 3 3 3 3 3 3 3 3 3 3 3 3 3 3 3 3 3 3 3 3 3 3 3 3 3 3 3 3 3 3 3 3 3 3 3 3 3 3 3 3 3 3 3 3 3 3 3 3 3 3 3 3 3 3 3 3 3 3 3 3 3 3 3 3 3 3 3 3 3 3 3 3 3 3 3 3 3 3 3 3 3 3 3 3 3 3 3 3 3 3 3 3 3 3 3 3 3 3 3 3 3 3 3 3 3 3 3 3 3 3 3 3 3 3 3 3 3 3 3 3 3 3 3 3 3 3 3 3 3 3 3 3 3 3 3 3 3 3 3 3 3 3 3 3 3 3 3 3 3 3 3 3 3 3 3 3 3 3 3 3 3 3 3 3 3 3 3 3 3 3 3 3 3 3 3 3 3 3 3 3 3 3 3 3 3 3 3 3 3 3 3 3 3 3 3 3 3 3 3 3 3 3 3 3 3 3 3 3 3 3 3 3 3 3 3 3 3 3 3 3 3 3 3 3 3 3 3 3 3 3 3 3 3 3 3 3 3 3 3 3 3 3 3 3 3 3 3 3 3 3 3 3 3 3 3 3 3 3 3 3 3 3 3 3 3 3 3 3 3 3 3 3 3 3 3 3 3 3 3 3 3 3 3 3 3 3 3 3 3 3 3 3 3 3 3 3 3 3 3 3 3 3 3 3 3 3 3 3 3 3 3 3 3 3 3 3 3 3 3 3 3 3 3 3 3 3 3 3 3 3 3 3 3 3 3 3 3 3 3 3 3 3 3 3 3 3 3 3 3 3 3 3 3 3 3 3 3 3 3 3 3 3 3 3 3 3 3 3 3 3 3 3 3 3 3 3 3 3 3 3 3 3 3 3 3 3 3 3 3 3 3 3 3 3 3 3 3 3 3 3 3 3 3 3 3 3 3 3 3 3 3 3 3 3 3 3 3 3 3 3 3 3 3 3 3 3 3 3 3 3 3 3 3 3 3 3 3 3 3 3 3 3 3 3 3 3 3 3 3 3 3 3 3 3 3 3 3 3 3 3 3 3 3 3 3 3 3 3 3 3 3 3 3 3 3 3 3 3 3 3 3 3 3 3 3 3 3 3 3 3 3 3 3 3 3 3 3 3 3 3 3 3 3 3 3 3 3 3 3 3 3 3 3 3 3 3 3 3 3 3 3 3 3 3 3 3 3 3 3 3 3 3 3 3 3 3 3 3 3 3 3 3 3 3 3 3 3 3 3 3 3 3 3 3 3 3 3 3 3 3 3 3 3 3 3 3 3 3 3 3 3 3 3 3 3 3 3 3 3 3 3 3 3 3 3 3 3 3 3 3 3 3 3 3 3 3 3 3 3 3 3 3 3 3 3 3 3 3 3 3 3 3 3 3 3 3 3 3 3 3 3 3 3 3 3 3 3 3 3 3 3 3 3 3 3 3 3 3 3 3 3 3 3 3 3 3 3 3 3 3 3 3 3 3 3 3 3 3 3 3 3 3 3 3 3 3 3 3 3 3 3 3 3 3 3 3 3 3 3 3 3 3 3 3 3 3 3 3 3 3 3 3 3 3 3 3 3 3 3 3 3 3 3 3 3 3 3 3 3 3 3 3 3 3 3 3 3 3 3 3 3 3 3 3 3 3 3 3 3 3 3 3 3 3 3 3 3 3 3 3 3 3 3 3 3 3 3 3 3 3 3 3 3 3 3 3 3 3 3 3 3 3 3 3 3 3 3 3 3 3 3 3 3 3 3 3 3 3 3 3 3 3 3 3 3 3 3 3 3 3 3 3 3 3 3 3 3 3 3 3 3 3 3 3 3 3 3 3 3 3 3 3 3 3 3 3 3 3 3 3 3 3 3 3 3 3 3 3 3 3 3 3 3 3 3 3 3 3 3 3 3 3 3 3 3 3 3 3 3 3 3 3 3 3 3 3 3 3 3 3 3 3 3 3 3 3 3 3 3 3 3 3 3 3 3 3 3 3 3 3 3 3 3 3 3 3 3 3 3 3 3 3 3 3 3 3 3 3 3 3 </vcount>
          <p>102 0 0 100 0 1 103 0 2 124 1 3 123 1 4 122 1 5 131 2 6 130 2 7 129 2 8 283 3 9 282 3 10 281 3 11 299 4 12 298 4 13 297 4 14 375 5 15 374 5 16 373 5 17 506 6 18 505 6 19 504 6 20 542 7 21 541 7 22 540 7 23 520 8 24 0 8 25 513 8 26 6 9 27 419 9 28 533 9 29 419 10 30 6 10 31 418 10 32 1 11 33 471 11 34 614 11 35 471 12 36 1 12 37 12 12 38 401 13 39 12 13 40 1 13 41 12 14 42 401 14 43 14 14 44 2 15 45 11 15 46 10 15 47 11 16 48 2 16 49 3 16 50 391 17 51 3 17 52 2 17 53 4 18 54 3 18 55 391 18 56 4 19 57 5 19 58 3 19 59 418 20 60 5 20 61 4 20 62 418 21 63 6 21 64 5 21 65 3 22 66 5 22 67 7 22 68 13 23 69 608 23 70 615 23 71 359 24 72 608 24 73 13 24 74 608 25 75 359 25 76 8 25 77 358 26 78 608 26 79 8 26 80 9 27 81 608 27 82 358 27 83 9 28 84 337 28 85 608 28 86 337 29 87 9 29 88 10 29 89 10 30 90 341 30 91 337 30 92 341 31 93 10 31 94 340 31 95 10 32 96 11 32 97 340 32 98 13 33 99 471 33 100 12 33 101 14 34 102 13 34 103 12 34 104 13 35 105 14 35 106 359 35 107 39 36 108 15 36 109 193 36 110 15 37 111 39 37 112 16 37 113 16 38 114 17 38 115 15 38 116 17 39 117 16 39 118 40 39 119 562 40 120 594 40 121 561 40 122 594 41 123 562 41 124 18 41 125 18 42 126 562 42 127 19 42 128 20 43 129 18 43 130 19 43 131 20 44 132 19 44 133 275 44 134 275 45 135 248 45 136 20 45 137 248 46 138 275 46 139 246 46 140 275 47 141 242 47 142 246 47 143 242 48 144 275 48 145 25 48 146 21 49 147 25 49 148 275 49 149 22 50 150 242 50 151 25 50 152 25 51 153 21 51 154 126 51 155 482 52 156 126 52 157 21 52 158 126 53 159 482 53 160 193 53 161 193 54 162 17 54 163 126 54 164 17 55 165 193 55 166 15 55 167 70 56 168 24 56 169 42 56 170 24 57 171 70 57 172 50 57 173 42 58 174 23 58 175 41 58 176 23 59 177 42 59 178 24 59 179 40 60 180 23 60 181 17 60 182 23 61 183 40 61 184 41 61 185 90 62 186 25 62 187 126 62 188 25 63 189 90 63 190 154 63 191 60 64 192 33 64 193 55 64 194 33 65 195 60 65 196 51 65 197 32 66 198 73 66 199 171 66 200 73 67 201 26 67 202 171 67 203 26 68 204 73 68 205 72 68 206 50 69 207 23 69 208 24 69 209 23 70 210 50 70 211 27 70 212 27 71 213 17 71 214 23 71 215 17 72 216 27 72 217 126 72 218 50 73 219 129 73 220 27 73 221 130 74 222 27 74 223 129 74 224 130 75 225 28 75 226 27 75 227 28 76 228 130 76 229 132 76 230 132 77 231 29 77 232 28 77 233 29 78 234 132 78 235 490 78 236 246 79 237 29 79 238 490 79 239 29 80 240 246 80 241 242 80 242 28 81 243 29 81 244 156 81 245 132 82 246 30 82 247 490 82 248 30 83 249 132 83 250 446 83 251 132 84 252 161 84 253 446 84 254 161 85 255 31 85 256 446 85 257 161 86 258 160 86 259 31 86 260 160 87 261 564 87 262 31 87 263 564 88 264 160 88 265 565 88 266 32 89 267 52 89 268 73 89 269 56 90 270 52 90 271 32 90 272 52 91 273 56 91 274 36 91 275 51 92 276 34 92 277 33 92 278 34 93 279 51 93 280 35 93 281 35 94 282 56 94 283 34 94 284 56 95 285 35 95 286 36 95 287 62 96 288 477 96 289 38 96 290 477 97 291 62 97 292 186 97 293 37 98 294 38 98 295 477 98 296 38 99 297 37 99 298 61 99 299 60 100 300 61 100 301 37 100 302 39 101 303 40 101 304 16 101 305 40 102 306 39 102 307 229 102 308 229 103 309 41 103 310 40 103 311 41 104 312 229 104 313 43 104 314 43 105 315 42 105 316 41 105 317 42 106 318 43 106 319 70 106 320 230 107 321 71 107 322 48 107 323 175 108 324 44 108 325 279 108 326 44 109 327 175 109 328 230 109 329 45 110 330 230 110 331 175 110 332 230 111 333 45 111 334 46 111 335 71 112 336 230 112 337 46 112 338 47 113 339 45 113 340 199 113 341 45 114 342 47 114 343 46 114 344 229 115 345 71 115 346 43 115 347 71 116 348 229 116 349 48 116 350 49 117 351 67 117 352 169 117 353 67 118 354 49 118 355 225 118 356 50 119 357 131 119 358 129 119 359 50 120 360 127 120 361 131 120 362 127 121 363 50 121 364 88 121 365 37 122 366 74 122 367 60 122 368 35 123 369 51 123 370 60 123 371 74 124 372 35 124 373 60 124 374 35 125 375 74 125 376 36 125 377 74 126 378 52 126 379 36 126 380 65 127 381 63 127 382 81 127 383 63 128 384 79 128 385 81 128 386 79 129 387 63 129 388 76 129 389 56 130 390 32 130 391 53 130 392 54 131 393 53 131 394 59 131 395 53 132 396 54 132 397 55 132 398 55 133 399 56 133 400 53 133 401 56 134 402 55 134 403 34 134 404 33 135 405 34 135 406 55 135 407 54 136 408 58 136 409 57 136 410 54 137 411 183 137 412 58 137 413 183 138 414 54 138 415 59 138 416 59 139 417 213 139 418 183 139 419 54 140 420 60 140 421 55 140 422 60 141 423 54 141 424 266 141 425 266 142 426 61 142 427 60 142 428 61 143 429 266 143 430 185 143 431 185 144 432 38 144 433 61 144 434 38 145 435 185 145 436 62 145 437 65 146 438 443 146 439 63 146 440 443 147 441 64 147 442 442 147 443 443 148 444 65 148 445 64 148 446 66 149 447 64 149 448 65 149 449 96 150 450 66 150 451 65 150 452 66 151 453 96 151 454 82 151 455 68 152 456 82 152 457 96 152 458 82 153 459 68 153 460 67 153 461 87 154 462 67 154 463 68 154 464 67 155 465 87 155 466 88 155 467 67 156 468 88 156 469 168 156 470 68 157 471 86 157 472 87 157 473 169 158 474 67 158 475 168 158 476 88 159 477 69 159 478 168 159 479 69 160 480 88 160 481 50 160 482 70 161 483 69 161 484 50 161 485 69 162 486 70 162 487 146 162 488 70 163 489 122 163 490 146 163 491 122 164 492 70 164 493 43 164 494 43 165 495 124 165 496 122 165 497 124 166 498 43 166 499 71 166 500 71 167 501 116 167 502 124 167 503 116 168 504 71 168 505 46 168 506 72 169 507 116 169 508 46 169 509 72 170 510 146 170 511 116 170 512 146 171 513 72 171 514 69 171 515 73 172 516 69 172 517 72 172 518 69 173 519 73 173 520 52 173 521 74 174 522 69 174 523 52 174 524 69 175 525 74 175 526 176 175 527 79 176 528 76 176 529 75 176 530 79 177 531 84 177 532 85 177 533 84 178 534 79 178 535 77 178 536 77 179 537 79 179 538 75 179 539 445 180 540 77 180 541 75 180 542 77 181 543 445 181 544 125 181 545 125 182 546 135 182 547 77 182 548 63 183 549 444 183 550 78 183 551 444 184 552 63 184 553 443 184 554 76 185 555 78 185 556 75 185 557 78 186 558 76 186 559 63 186 560 80 187 561 79 187 562 85 187 563 79 188 564 80 188 565 81 188 566 225 189 567 82 189 568 67 189 569 82 190 570 225 190 571 224 190 572 224 191 573 66 191 574 82 191 575 66 192 576 224 192 577 221 192 578 221 193 579 64 193 580 66 193 581 64 194 582 221 194 583 83 194 584 83 195 585 442 195 586 64 195 587 442 196 588 83 196 589 440 196 590 128 197 591 85 197 592 84 197 593 86 198 594 85 198 595 87 198 596 85 199 597 128 199 598 87 199 599 128 200 600 88 200 601 87 200 602 88 201 603 128 201 604 127 201 605 154 202 606 89 202 607 155 202 608 89 203 609 154 203 610 90 203 611 598 204 612 600 204 613 91 204 614 600 205 615 598 205 616 596 205 617 92 206 618 596 206 619 200 206 620 93 207 621 596 207 622 92 207 623 596 208 624 93 208 625 600 208 626 602 209 627 600 209 628 93 209 629 93 210 630 157 210 631 602 210 632 157 211 633 93 211 634 140 211 635 140 212 636 95 212 637 157 212 638 95 213 639 140 213 640 94 213 641 182 214 642 157 214 643 95 214 644 157 215 645 182 215 646 163 215 647 96 216 648 65 216 649 81 216 650 96 217 651 81 217 652 80 217 653 80 218 654 68 218 655 96 218 656 85 219 657 68 219 658 80 219 659 68 220 660 85 220 661 86 220 662 92 221 663 97 221 664 93 221 665 97 222 666 92 222 667 203 222 668 97 223 669 98 223 670 141 223 671 203 224 672 98 224 673 97 224 674 98 225 675 203 225 676 204 225 677 207 226 678 204 226 679 203 226 680 204 227 681 182 227 682 98 227 683 182 228 684 204 228 685 99 228 686 241 229 687 497 229 688 149 229 689 497 230 690 241 230 691 100 230 692 497 231 693 588 231 694 101 231 695 100 232 696 587 232 697 497 232 698 588 233 699 497 233 700 587 233 701 587 234 702 100 234 703 264 234 704 100 235 705 102 235 706 264 235 707 264 236 708 104 236 709 587 236 710 104 237 711 264 237 712 105 237 713 106 238 714 107 238 715 231 238 716 107 239 717 106 239 718 260 239 719 253 240 720 107 240 721 260 240 722 260 241 723 108 241 724 253 241 725 108 242 726 260 242 727 261 242 728 261 243 729 255 243 730 108 243 731 255 244 732 261 244 733 102 244 734 103 245 735 255 245 736 102 245 737 103 246 738 259 246 739 255 246 740 259 247 741 103 247 742 109 247 743 245 248 744 259 248 745 109 248 746 259 249 747 245 249 748 110 249 749 491 250 750 110 250 751 245 250 752 110 251 753 491 251 754 111 251 755 491 252 756 545 252 757 111 252 758 101 253 759 545 253 760 494 253 761 545 254 762 491 254 763 494 254 764 545 255 765 101 255 766 546 255 767 588 256 768 546 256 769 101 256 770 112 257 771 546 257 772 588 257 773 111 258 774 249 258 775 110 258 776 249 259 777 111 259 778 489 259 779 546 260 780 112 260 781 113 260 782 114 261 783 113 261 784 112 261 785 113 262 786 114 262 787 549 262 788 114 263 789 115 263 790 549 263 791 124 264 792 115 264 793 114 264 794 115 265 795 124 265 796 116 265 797 118 266 798 132 266 799 117 266 800 117 267 801 158 267 802 118 267 803 158 268 804 117 268 805 134 268 806 567 269 807 119 269 808 560 269 809 119 270 810 567 270 811 120 270 812 120 271 813 536 271 814 119 271 815 536 272 816 120 272 817 137 272 818 121 273 819 137 273 820 120 273 821 162 274 822 121 274 823 120 274 824 139 275 825 121 275 826 162 275 827 123 276 828 124 276 829 114 276 830 134 277 831 125 277 832 603 277 833 125 278 834 134 278 835 135 278 836 90 279 837 27 279 838 89 279 839 27 280 840 90 280 841 126 280 842 89 281 843 28 281 844 155 281 845 28 282 846 89 282 847 27 282 848 128 283 849 84 283 850 127 283 851 84 284 852 131 284 853 127 284 854 131 285 855 84 285 856 133 285 857 130 286 858 131 286 859 133 286 860 133 287 861 132 287 862 130 287 863 132 288 864 133 288 865 117 288 866 133 289 867 134 289 868 117 289 869 134 290 870 133 290 871 84 290 872 77 291 873 134 291 874 84 291 875 135 292 876 134 292 877 77 292 878 162 293 879 136 293 880 139 293 881 136 294 882 162 294 883 150 294 884 138 295 885 137 295 886 152 295 887 137 296 888 138 296 889 536 296 890 121 297 891 152 297 892 137 297 893 152 298 894 121 298 895 151 298 896 139 299 897 151 299 898 121 299 899 151 300 900 139 300 901 136 300 902 78 301 903 445 301 904 75 301 905 445 302 906 78 302 907 444 302 908 97 303 909 140 303 910 93 303 911 140 304 912 97 304 913 94 304 914 182 305 915 141 305 916 98 305 917 141 306 918 182 306 919 95 306 920 95 307 921 97 307 922 141 307 923 97 308 924 95 308 925 94 308 926 142 309 927 148 309 928 498 309 929 148 310 930 142 310 931 147 310 932 488 311 933 496 311 934 495 311 935 499 312 936 498 312 937 496 312 938 496 313 939 488 313 940 499 313 941 142 314 942 498 314 943 143 314 944 498 315 945 499 315 946 143 315 947 143 316 948 144 316 949 142 316 950 144 317 951 143 317 952 145 317 953 145 318 954 123 318 955 144 318 956 123 319 957 145 319 958 547 319 959 548 320 960 123 320 961 547 320 962 146 321 963 123 321 964 548 321 965 123 322 966 146 322 967 122 322 968 104 323 969 147 323 970 587 323 971 147 324 972 104 324 973 156 324 974 29 325 975 147 325 976 156 325 977 147 326 978 29 326 979 148 326 980 29 327 981 497 327 982 148 327 983 497 328 984 29 328 985 149 328 986 152 329 987 542 329 988 138 329 989 150 330 990 151 330 991 136 330 992 544 331 993 151 331 994 150 331 995 152 332 996 151 332 997 544 332 998 542 333 999 152 333 1000 544 333 1001 544 334 1002 153 334 1003 542 334 1004 153 335 1005 544 335 1006 543 335 1007 105 336 1008 156 336 1009 104 336 1010 156 337 1011 105 337 1012 22 337 1013 154 338 1014 22 338 1015 25 338 1016 155 339 1017 22 339 1018 154 339 1019 22 340 1020 155 340 1021 156 340 1022 28 341 1023 156 341 1024 155 341 1025 118 342 1026 161 342 1027 132 342 1028 603 343 1029 157 343 1030 134 343 1031 134 344 1032 157 344 1033 158 344 1034 157 345 1035 163 345 1036 158 345 1037 163 346 1038 118 346 1039 158 346 1040 118 347 1041 163 347 1042 164 347 1043 161 348 1044 118 348 1045 164 348 1046 159 349 1047 161 349 1048 164 349 1049 161 350 1050 159 350 1051 160 350 1052 544 351 1053 163 351 1054 180 351 1055 163 352 1056 544 352 1057 150 352 1058 162 353 1059 163 353 1060 150 353 1061 163 354 1062 162 354 1063 164 354 1064 120 355 1065 164 355 1066 162 355 1067 164 356 1068 120 356 1069 159 356 1070 211 357 1071 553 357 1072 552 357 1073 553 358 1074 211 358 1075 210 358 1076 165 359 1077 552 359 1078 181 359 1079 552 360 1080 165 360 1081 211 360 1082 167 361 1083 550 361 1084 551 361 1085 550 362 1086 167 362 1087 212 362 1088 166 363 1089 551 363 1090 554 363 1091 551 364 1092 166 364 1093 167 364 1094 210 365 1095 554 365 1096 553 365 1097 554 366 1098 210 366 1099 166 366 1100 172 367 1101 168 367 1102 174 367 1103 168 368 1104 172 368 1105 476 368 1106 170 369 1107 168 369 1108 476 369 1109 169 370 1110 227 370 1111 49 370 1112 227 371 1113 169 371 1114 168 371 1115 168 372 1116 170 372 1117 227 372 1118 504 373 1119 227 373 1120 170 373 1121 227 374 1122 504 374 1123 505 374 1124 72 375 1125 47 375 1126 26 375 1127 47 376 1128 72 376 1129 46 376 1130 47 377 1131 171 377 1132 26 377 1133 171 378 1134 47 378 1135 199 378 1136 174 379 1137 173 379 1138 172 379 1139 173 380 1140 174 380 1141 177 380 1142 175 381 1143 53 381 1144 45 381 1145 53 382 1146 175 382 1147 59 382 1148 173 383 1149 69 383 1150 176 383 1151 69 384 1152 173 384 1153 177 384 1154 168 385 1155 177 385 1156 174 385 1157 177 386 1158 168 386 1159 69 386 1160 172 387 1161 176 387 1162 476 387 1163 176 388 1164 172 388 1165 173 388 1166 178 389 1167 214 389 1168 235 389 1169 235 390 1170 184 390 1171 178 390 1172 184 391 1173 235 391 1174 266 391 1175 266 392 1176 265 392 1177 184 392 1178 266 393 1179 235 393 1180 478 393 1181 179 394 1182 540 394 1183 541 394 1184 540 395 1185 179 395 1186 180 395 1187 163 396 1188 182 396 1189 180 396 1190 540 397 1191 99 397 1192 272 397 1193 540 398 1194 165 398 1195 99 398 1196 165 399 1197 540 399 1198 212 399 1199 180 400 1200 212 400 1201 540 400 1202 212 401 1203 180 401 1204 550 401 1205 180 402 1206 181 402 1207 550 402 1208 181 403 1209 180 403 1210 182 403 1211 99 404 1212 181 404 1213 182 404 1214 181 405 1215 99 405 1216 165 405 1217 265 406 1218 58 406 1219 184 406 1220 58 407 1221 265 407 1222 57 407 1223 184 408 1224 183 408 1225 178 408 1226 183 409 1227 184 409 1228 58 409 1229 478 410 1230 185 410 1231 266 410 1232 478 411 1233 62 411 1234 185 411 1235 62 412 1236 478 412 1237 186 412 1238 191 413 1239 189 413 1240 586 413 1241 585 414 1242 187 414 1243 250 414 1244 187 415 1245 585 415 1246 188 415 1247 189 416 1248 188 416 1249 585 416 1250 188 417 1251 189 417 1252 190 417 1253 189 418 1254 191 418 1255 190 418 1256 592 419 1257 190 419 1258 191 419 1259 190 420 1260 592 420 1261 593 420 1262 595 421 1263 190 421 1264 593 421 1265 190 422 1266 595 422 1267 188 422 1268 251 423 1269 188 423 1270 595 423 1271 188 424 1272 251 424 1273 187 424 1274 193 425 1275 483 425 1276 196 425 1277 483 426 1278 193 426 1279 192 426 1280 482 427 1281 192 427 1282 193 427 1283 268 428 1284 209 428 1285 439 428 1286 209 429 1287 268 429 1288 194 429 1289 269 185 1290 194 185 1291 268 185 1292 194 430 1293 269 430 1294 239 430 1295 501 431 1296 195 431 1297 267 431 1298 195 432 1299 501 432 1300 500 432 1301 197 433 1302 196 433 1303 483 433 1304 196 434 1305 197 434 1306 198 434 1307 197 435 1308 500 435 1309 198 435 1310 198 436 1311 500 436 1312 226 436 1313 500 437 1314 197 437 1315 240 437 1316 32 438 1317 171 438 1318 199 438 1319 45 439 1320 32 439 1321 199 439 1322 32 440 1323 45 440 1324 53 440 1325 194 441 1326 208 441 1327 209 441 1328 208 442 1329 194 442 1330 239 442 1331 201 443 1332 92 443 1333 200 443 1334 92 444 1335 201 444 1336 202 444 1337 206 445 1338 202 445 1339 201 445 1340 201 446 1341 99 446 1342 206 446 1343 99 447 1344 201 447 1345 272 447 1346 202 448 1347 206 448 1348 205 448 1349 203 449 1350 202 449 1351 205 449 1352 202 450 1353 203 450 1354 92 450 1355 99 451 1356 207 451 1357 206 451 1358 207 452 1359 99 452 1360 204 452 1361 206 453 1362 203 453 1363 205 453 1364 203 454 1365 206 454 1366 207 454 1367 597 455 1368 208 455 1369 238 455 1370 208 456 1371 597 456 1372 209 456 1373 211 457 1374 166 457 1375 210 457 1376 166 458 1377 211 458 1378 167 458 1379 211 459 1380 212 459 1381 167 459 1382 212 460 1383 211 460 1384 165 460 1385 183 461 1386 214 461 1387 178 461 1388 214 462 1389 183 462 1390 213 462 1391 234 463 1392 214 463 1393 213 463 1394 106 464 1395 217 464 1396 260 464 1397 217 465 1398 106 465 1399 216 465 1400 263 466 1401 243 466 1402 244 466 1403 243 467 1404 263 467 1405 215 467 1406 228 468 1407 217 468 1408 216 468 1409 217 469 1410 228 469 1411 252 469 1412 254 470 1413 217 470 1414 252 470 1415 218 471 1416 217 471 1417 254 471 1418 217 472 1419 218 472 1420 262 472 1421 256 473 1422 262 473 1423 218 473 1424 262 474 1425 256 474 1426 263 474 1427 256 475 1428 215 475 1429 263 475 1430 257 476 1431 215 476 1432 256 476 1433 215 477 1434 257 477 1435 219 477 1436 258 478 1437 219 478 1438 257 478 1439 219 479 1440 258 479 1441 247 479 1442 439 480 1443 220 480 1444 268 480 1445 440 481 1446 83 481 1447 439 481 1448 220 482 1449 439 482 1450 83 482 1451 220 483 1452 83 483 1453 221 483 1454 221 484 1455 222 484 1456 220 484 1457 222 485 1458 221 485 1459 224 485 1460 224 486 1461 223 486 1462 222 486 1463 223 487 1464 224 487 1465 225 487 1466 225 488 1467 198 488 1468 223 488 1469 198 489 1470 225 489 1471 196 489 1472 227 490 1473 196 490 1474 225 490 1475 198 491 1476 226 491 1477 223 491 1478 227 492 1479 225 492 1480 49 492 1481 233 493 1482 196 493 1483 227 493 1484 196 494 1485 233 494 1486 193 494 1487 193 495 1488 233 495 1489 39 495 1490 228 496 1491 39 496 1492 233 496 1493 216 497 1494 39 497 1495 228 497 1496 39 498 1497 216 498 1498 229 498 1499 106 499 1500 229 499 1501 216 499 1502 229 500 1503 106 500 1504 48 500 1505 231 501 1506 48 501 1507 106 501 1508 48 502 1509 231 502 1510 230 502 1511 230 503 1512 231 503 1513 232 503 1514 228 504 1515 232 504 1516 231 504 1517 232 505 1518 228 505 1519 233 505 1520 233 506 1521 234 506 1522 232 506 1523 234 507 1524 233 507 1525 214 507 1526 233 508 1527 235 508 1528 214 508 1529 235 509 1530 233 509 1531 508 509 1532 239 510 1533 269 510 1534 195 510 1535 237 511 1536 236 511 1537 238 511 1538 208 512 1539 237 512 1540 238 512 1541 237 513 1542 208 513 1543 239 513 1544 239 514 1545 195 514 1546 237 514 1547 195 178 1548 240 178 1549 237 178 1550 240 177 1551 195 177 1552 500 177 1553 242 515 1554 100 515 1555 241 515 1556 100 516 1557 242 516 1558 243 516 1559 242 517 1560 244 517 1561 243 517 1562 244 518 1563 242 518 1564 22 518 1565 105 519 1566 244 519 1567 22 519 1568 244 520 1569 105 520 1570 264 520 1571 247 521 1572 487 521 1573 245 521 1574 487 522 1575 247 522 1576 246 522 1577 247 523 1578 248 523 1579 246 523 1580 248 524 1581 247 524 1582 258 524 1583 258 525 1584 249 525 1585 248 525 1586 249 526 1587 258 526 1588 110 526 1589 20 527 1590 250 527 1591 187 527 1592 20 528 1593 187 528 1594 18 528 1595 18 529 1596 187 529 1597 251 529 1598 231 530 1599 252 530 1600 228 530 1601 252 531 1602 231 531 1603 107 531 1604 253 532 1605 252 532 1606 107 532 1607 252 533 1608 253 533 1609 254 533 1610 108 534 1611 254 534 1612 253 534 1613 254 535 1614 108 535 1615 218 535 1616 255 536 1617 218 536 1618 108 536 1619 218 537 1620 255 537 1621 256 537 1622 259 538 1623 256 538 1624 255 538 1625 256 539 1626 259 539 1627 257 539 1628 219 540 1629 103 540 1630 215 540 1631 103 541 1632 219 541 1633 109 541 1634 247 542 1635 109 542 1636 219 542 1637 109 543 1638 247 543 1639 245 543 1640 215 544 1641 100 544 1642 243 544 1643 100 545 1644 215 545 1645 103 545 1646 257 546 1647 110 546 1648 258 546 1649 110 547 1650 257 547 1651 259 547 1652 262 548 1653 260 548 1654 217 548 1655 260 549 1656 262 549 1657 261 549 1658 262 550 1659 102 550 1660 261 550 1661 102 551 1662 262 551 1663 263 551 1664 244 552 1665 102 552 1666 263 552 1667 102 553 1668 244 553 1669 264 553 1670 266 554 1671 57 554 1672 265 554 1673 57 555 1674 266 555 1675 54 555 1676 267 556 1677 268 556 1678 220 556 1679 195 557 1680 268 557 1681 267 557 1682 268 558 1683 195 558 1684 269 558 1685 272 559 1686 542 559 1687 540 559 1688 542 560 1689 272 560 1690 503 560 1691 272 561 1692 270 561 1693 503 561 1694 270 562 1695 272 562 1696 274 562 1697 274 563 1698 119 563 1699 270 563 1700 119 564 1701 274 564 1702 271 564 1703 238 565 1704 596 565 1705 597 565 1706 238 566 1707 200 566 1708 596 566 1709 200 567 1710 238 567 1711 502 567 1712 502 568 1713 201 568 1714 200 568 1715 201 569 1716 502 569 1717 479 569 1718 467 570 1719 201 570 1720 479 570 1721 467 571 1722 272 571 1723 201 571 1724 273 572 1725 272 572 1726 467 572 1727 272 573 1728 273 573 1729 274 573 1730 273 574 1731 19 574 1732 274 574 1733 19 575 1734 271 575 1735 274 575 1736 271 576 1737 19 576 1738 562 576 1739 19 577 1740 273 577 1741 275 577 1742 283 578 1743 289 578 1744 276 578 1745 234 579 1746 277 579 1747 232 579 1748 277 580 1749 234 580 1750 278 580 1751 278 581 1752 234 581 1753 213 581 1754 281 582 1755 282 582 1756 280 582 1757 232 583 1758 44 583 1759 230 583 1760 44 584 1761 232 584 1762 277 584 1763 44 585 1764 278 585 1765 279 585 1766 278 586 1767 44 586 1768 277 586 1769 175 587 1770 213 587 1771 59 587 1772 213 588 1773 175 588 1774 279 588 1775 279 589 1776 278 589 1777 213 589 1778 280 590 1779 276 590 1780 289 590 1781 276 591 1782 280 591 1783 282 591 1784 282 592 1785 283 592 1786 276 592 1787 293 593 1788 281 593 1789 285 593 1790 293 594 1791 283 594 1792 281 594 1793 283 595 1794 293 595 1795 284 595 1796 284 596 1797 294 596 1798 283 596 1799 519 597 1800 294 597 1801 284 597 1802 289 598 1803 288 598 1804 280 598 1805 285 599 1806 280 599 1807 288 599 1808 280 600 1809 285 600 1810 281 600 1811 298 601 1812 286 601 1813 297 601 1814 286 602 1815 298 602 1816 287 602 1817 288 603 1818 287 603 1819 298 603 1820 287 604 1821 288 604 1822 295 604 1823 288 605 1824 289 605 1825 295 605 1826 283 606 1827 295 606 1828 289 606 1829 295 607 1830 283 607 1831 294 607 1832 528 608 1833 291 608 1834 524 608 1835 291 609 1836 528 609 1837 527 609 1838 291 610 1839 290 610 1840 292 610 1841 290 611 1842 291 611 1843 527 611 1844 284 612 1845 292 612 1846 290 612 1847 292 613 1848 284 613 1849 293 613 1850 529 614 1851 295 614 1852 294 614 1853 295 615 1854 529 615 1855 287 615 1856 529 616 1857 286 616 1858 287 616 1859 509 578 1860 510 578 1861 512 578 1862 291 617 1863 296 617 1864 524 617 1865 296 618 1866 291 618 1867 525 618 1868 288 619 1869 293 619 1870 285 619 1871 293 620 1872 288 620 1873 298 620 1874 293 621 1875 484 621 1876 292 621 1877 484 622 1878 293 622 1879 301 622 1880 293 623 1881 300 623 1882 301 623 1883 300 624 1884 293 624 1885 298 624 1886 298 625 1887 299 625 1888 300 625 1889 522 626 1890 301 626 1891 300 626 1892 301 627 1893 522 627 1894 514 627 1895 574 628 1896 302 628 1897 309 628 1898 302 629 1899 574 629 1900 575 629 1901 303 630 1902 302 630 1903 575 630 1904 302 631 1905 303 631 1906 582 631 1907 286 632 1908 299 632 1909 297 632 1910 299 633 1911 286 633 1912 523 633 1913 580 634 1914 308 634 1915 581 634 1916 308 635 1917 580 635 1918 307 635 1919 305 636 1920 580 636 1921 304 636 1922 580 637 1923 305 637 1924 307 637 1925 568 638 1926 307 638 1927 305 638 1928 307 639 1929 568 639 1930 306 639 1931 571 640 1932 307 640 1933 306 640 1934 307 641 1935 571 641 1936 308 641 1937 309 642 1938 308 642 1939 571 642 1940 308 643 1941 309 643 1942 302 643 1943 302 644 1944 581 644 1945 308 644 1946 581 645 1947 302 645 1948 582 645 1949 318 646 1950 311 646 1951 310 646 1952 311 647 1953 318 647 1954 317 647 1955 317 648 1956 313 648 1957 311 648 1958 313 649 1959 317 649 1960 312 649 1961 313 650 1962 314 650 1963 311 650 1964 450 651 1965 452 651 1966 310 651 1967 311 652 1968 450 652 1969 310 652 1970 314 653 1971 450 653 1972 311 653 1973 453 654 1974 450 654 1975 314 654 1976 317 655 1977 454 655 1978 312 655 1979 454 656 1980 316 656 1981 315 656 1982 317 657 1983 316 657 1984 454 657 1985 318 658 1986 316 658 1987 317 658 1988 318 659 1989 451 659 1990 316 659 1991 319 660 1992 324 660 1993 325 660 1994 324 661 1995 319 661 1996 320 661 1997 320 662 1998 321 662 1999 324 662 2000 321 663 2001 320 663 2002 458 663 2003 457 664 2004 463 664 2005 321 664 2006 461 665 2007 559 665 2008 322 665 2009 461 666 2010 326 666 2011 559 666 2012 326 667 2013 463 667 2014 559 667 2015 463 668 2016 326 668 2017 323 668 2018 323 669 2019 321 669 2020 463 669 2021 321 670 2022 323 670 2023 324 670 2024 329 671 2025 324 671 2026 323 671 2027 324 672 2028 329 672 2029 325 672 2030 326 673 2031 461 673 2032 462 673 2033 462 674 2034 328 674 2035 326 674 2036 328 675 2037 462 675 2038 327 675 2039 329 676 2040 557 676 2041 328 676 2042 557 677 2043 329 677 2044 466 677 2045 466 678 2046 460 678 2047 557 678 2048 460 679 2049 466 679 2050 465 679 2051 329 680 2052 319 680 2053 325 680 2054 328 681 2055 319 681 2056 329 681 2057 319 682 2058 328 682 2059 330 682 2060 327 683 2061 330 683 2062 328 683 2063 351 684 2064 352 684 2065 412 684 2066 351 685 2067 331 685 2068 349 685 2069 331 686 2070 351 686 2071 332 686 2072 412 687 2073 332 687 2074 351 687 2075 332 688 2076 412 688 2077 336 688 2078 334 689 2079 338 689 2080 333 689 2081 331 690 2082 334 690 2083 333 690 2084 334 691 2085 331 691 2086 605 691 2087 332 692 2088 605 692 2089 331 692 2090 605 693 2091 332 693 2092 335 693 2093 336 694 2094 335 694 2095 332 694 2096 335 695 2097 336 695 2098 417 695 2099 338 696 2100 334 696 2101 609 696 2102 609 697 2103 337 697 2104 338 697 2105 341 698 2106 338 698 2107 337 698 2108 337 699 2109 609 699 2110 608 699 2111 344 700 2112 583 700 2113 355 700 2114 583 701 2115 344 701 2116 339 701 2117 339 702 2118 3 702 2119 583 702 2120 3 703 2121 339 703 2122 11 703 2123 345 704 2124 11 704 2125 339 704 2126 11 705 2127 345 705 2128 340 705 2129 345 706 2130 341 706 2131 340 706 2132 341 707 2133 345 707 2134 346 707 2135 338 708 2136 341 708 2137 346 708 2138 346 709 2139 333 709 2140 338 709 2141 354 710 2142 343 710 2143 342 710 2144 348 711 2145 354 711 2146 342 711 2147 354 712 2148 348 712 2149 344 712 2150 348 713 2151 339 713 2152 344 713 2153 339 714 2154 348 714 2155 345 714 2156 348 715 2157 346 715 2158 345 715 2159 346 716 2160 348 716 2161 347 716 2162 333 717 2163 346 717 2164 347 717 2165 347 718 2166 331 718 2167 333 718 2168 331 719 2169 347 719 2170 349 719 2171 343 720 2172 349 720 2173 342 720 2174 347 721 2175 342 721 2176 349 721 2177 342 722 2178 347 722 2179 348 722 2180 343 723 2181 354 723 2182 350 723 2183 349 724 2184 343 724 2185 351 724 2186 352 725 2187 351 725 2188 343 725 2189 350 726 2190 352 726 2191 343 726 2192 352 727 2193 350 727 2194 411 727 2195 350 728 2196 406 728 2197 411 728 2198 406 729 2199 350 729 2200 584 729 2201 354 730 2202 584 730 2203 350 730 2204 584 731 2205 354 731 2206 353 731 2207 344 732 2208 353 732 2209 354 732 2210 353 733 2211 344 733 2212 355 733 2213 356 734 2214 2 734 2215 10 734 2216 9 735 2217 356 735 2218 10 735 2219 357 736 2220 364 736 2221 356 736 2222 356 737 2223 9 737 2224 357 737 2225 358 738 2226 357 738 2227 9 738 2228 364 739 2229 357 739 2230 363 739 2231 369 740 2232 363 740 2233 357 740 2234 357 741 2235 358 741 2236 369 741 2237 358 742 2238 360 742 2239 369 742 2240 360 743 2241 358 743 2242 8 743 2243 359 744 2244 360 744 2245 8 744 2246 360 745 2247 359 745 2248 361 745 2249 361 746 2250 362 746 2251 360 746 2252 362 747 2253 361 747 2254 469 747 2255 371 748 2256 362 748 2257 469 748 2258 363 749 2259 369 749 2260 368 749 2261 365 750 2262 389 750 2263 364 750 2264 364 751 2265 366 751 2266 365 751 2267 366 752 2268 364 752 2269 363 752 2270 368 753 2271 366 753 2272 363 753 2273 366 754 2274 368 754 2275 370 754 2276 368 755 2277 367 755 2278 370 755 2279 367 756 2280 368 756 2281 362 756 2282 369 757 2283 362 757 2284 368 757 2285 362 758 2286 369 758 2287 360 758 2288 362 759 2289 371 759 2290 367 759 2291 371 760 2292 372 760 2293 367 760 2294 372 761 2295 370 761 2296 367 761 2297 370 762 2298 372 762 2299 373 762 2300 373 763 2301 366 763 2302 370 763 2303 366 764 2304 373 764 2305 374 764 2306 374 765 2307 365 765 2308 366 765 2309 365 766 2310 374 766 2311 377 766 2312 377 767 2313 388 767 2314 365 767 2315 388 768 2316 377 768 2317 378 768 2318 372 769 2319 371 769 2320 380 769 2321 380 770 2322 414 770 2323 372 770 2324 414 771 2325 373 771 2326 372 771 2327 373 772 2328 414 772 2329 375 772 2330 374 773 2331 375 773 2332 376 773 2333 376 774 2334 377 774 2335 374 774 2336 377 775 2337 376 775 2338 413 775 2339 410 776 2340 377 776 2341 413 776 2342 377 777 2343 410 777 2344 378 777 2345 410 778 2346 379 778 2347 378 778 2348 409 779 2349 379 779 2350 410 779 2351 379 780 2352 409 780 2353 382 780 2354 414 781 2355 380 781 2356 415 781 2357 378 782 2358 386 782 2359 388 782 2360 386 783 2361 378 783 2362 379 783 2363 379 784 2364 381 784 2365 386 784 2366 381 785 2367 379 785 2368 382 785 2369 382 786 2370 383 786 2371 381 786 2372 383 787 2373 382 787 2374 420 787 2375 409 788 2376 420 788 2377 382 788 2378 420 789 2379 409 789 2380 408 789 2381 385 790 2382 381 790 2383 383 790 2384 391 791 2385 384 791 2386 4 791 2387 384 792 2388 391 792 2389 392 792 2390 392 793 2391 385 793 2392 384 793 2393 385 794 2394 392 794 2395 394 794 2396 381 795 2397 385 795 2398 394 795 2399 387 796 2400 381 796 2401 394 796 2402 381 797 2403 387 797 2404 386 797 2405 387 798 2406 388 798 2407 386 798 2408 388 799 2409 387 799 2410 389 799 2411 389 800 2412 365 800 2413 388 800 2414 389 801 2415 356 801 2416 364 801 2417 356 802 2418 389 802 2419 390 802 2420 2 803 2421 356 803 2422 390 803 2423 393 804 2424 2 804 2425 390 804 2426 393 805 2427 391 805 2428 2 805 2429 391 806 2430 393 806 2431 392 806 2432 393 807 2433 394 807 2434 392 807 2435 394 808 2436 393 808 2437 387 808 2438 393 809 2439 389 809 2440 387 809 2441 389 810 2442 393 810 2443 390 810 2444 395 811 2445 475 811 2446 405 811 2447 475 812 2448 395 812 2449 613 812 2450 613 813 2451 397 813 2452 475 813 2453 397 814 2454 613 814 2455 396 814 2456 396 815 2457 473 815 2458 397 815 2459 473 816 2460 396 816 2461 398 816 2462 398 817 2463 400 817 2464 473 817 2465 400 818 2466 398 818 2467 399 818 2468 614 819 2469 400 819 2470 399 819 2471 400 820 2472 614 820 2473 471 820 2474 612 821 2475 14 821 2476 401 821 2477 14 822 2478 612 822 2479 402 822 2480 610 823 2481 402 823 2482 612 823 2483 402 824 2484 610 824 2485 470 824 2486 403 825 2487 470 825 2488 610 825 2489 470 826 2490 403 826 2491 468 826 2492 403 827 2493 404 827 2494 468 827 2495 404 828 2496 403 828 2497 611 828 2498 611 829 2499 405 829 2500 404 829 2501 405 830 2502 611 830 2503 395 830 2504 407 831 2505 534 831 2506 406 831 2507 534 832 2508 533 832 2509 419 832 2510 408 833 2511 534 833 2512 419 833 2513 406 834 2514 534 834 2515 408 834 2516 409 835 2517 406 835 2518 408 835 2519 410 836 2520 406 836 2521 409 836 2522 410 837 2523 411 837 2524 406 837 2525 411 838 2526 410 838 2527 413 838 2528 352 839 2529 411 839 2530 413 839 2531 352 840 2532 413 840 2533 412 840 2534 336 841 2535 412 841 2536 413 841 2537 376 842 2538 336 842 2539 413 842 2540 336 843 2541 376 843 2542 417 843 2543 375 844 2544 417 844 2545 376 844 2546 414 845 2547 417 845 2548 375 845 2549 415 846 2550 417 846 2551 414 846 2552 417 847 2553 415 847 2554 416 847 2555 604 848 2556 417 848 2557 416 848 2558 384 849 2559 418 849 2560 4 849 2561 385 850 2562 418 850 2563 384 850 2564 383 851 2565 418 851 2566 385 851 2567 418 852 2568 383 852 2569 419 852 2570 420 853 2571 419 853 2572 383 853 2573 408 854 2574 419 854 2575 420 854 2576 579 855 2577 305 855 2578 304 855 2579 305 856 2580 579 856 2581 576 856 2582 421 857 2583 305 857 2584 576 857 2585 305 858 2586 421 858 2587 568 858 2588 422 859 2589 423 859 2590 449 859 2591 423 860 2592 422 860 2593 447 860 2594 438 861 2595 425 861 2596 424 861 2597 425 862 2598 438 862 2599 428 862 2600 424 863 2601 435 863 2602 436 863 2603 435 864 2604 424 864 2605 425 864 2606 447 865 2607 431 865 2608 423 865 2609 431 866 2610 447 866 2611 426 866 2612 423 867 2613 432 867 2614 449 867 2615 432 868 2616 423 868 2617 431 868 2618 427 869 2619 422 869 2620 437 869 2621 422 870 2622 427 870 2623 447 870 2624 438 871 2625 429 871 2626 428 871 2627 429 872 2628 438 872 2629 430 872 2630 428 873 2631 435 873 2632 425 873 2633 435 874 2634 428 874 2635 429 874 2636 422 875 2637 434 875 2638 437 875 2639 434 876 2640 422 876 2641 433 876 2642 433 877 2643 431 877 2644 426 877 2645 431 878 2646 433 878 2647 432 878 2648 448 879 2649 433 879 2650 426 879 2651 433 880 2652 448 880 2653 434 880 2654 430 881 2655 435 881 2656 429 881 2657 435 882 2658 430 882 2659 436 882 2660 427 883 2661 436 883 2662 448 883 2663 436 884 2664 427 884 2665 424 884 2666 437 885 2667 424 885 2668 427 885 2669 424 886 2670 437 886 2671 438 886 2672 437 887 2673 430 887 2674 438 887 2675 430 888 2676 437 888 2677 434 888 2678 434 889 2679 436 889 2680 430 889 2681 436 890 2682 434 890 2683 448 890 2684 209 891 2685 597 891 2686 599 891 2687 599 892 2688 439 892 2689 209 892 2690 439 893 2691 599 893 2692 440 893 2693 441 894 2694 440 894 2695 599 894 2696 440 895 2697 441 895 2698 442 895 2699 441 896 2700 443 896 2701 442 896 2702 443 897 2703 441 897 2704 444 897 2705 441 898 2706 601 898 2707 444 898 2708 601 899 2709 445 899 2710 444 899 2711 445 900 2712 601 900 2713 125 900 2714 191 901 2715 586 901 2716 446 901 2717 191 902 2718 446 902 2719 31 902 2720 592 903 2721 191 903 2722 31 903 2723 447 904 2724 448 904 2725 426 904 2726 448 905 2727 447 905 2728 427 905 2729 422 906 2730 432 906 2731 433 906 2732 432 907 2733 422 907 2734 449 907 2735 316 908 2736 452 908 2737 450 908 2738 452 909 2739 316 909 2740 451 909 2741 451 910 2742 310 910 2743 452 910 2744 310 911 2745 451 911 2746 318 911 2747 312 912 2748 314 912 2749 313 912 2750 314 913 2751 312 913 2752 454 913 2753 315 914 2754 450 914 2755 453 914 2756 450 915 2757 315 915 2758 316 915 2759 454 916 2760 453 916 2761 314 916 2762 453 917 2763 454 917 2764 315 917 2765 458 918 2766 455 918 2767 459 918 2768 455 919 2769 458 919 2770 320 919 2771 464 920 2772 322 920 2773 456 920 2774 322 921 2775 464 921 2776 457 921 2777 458 922 2778 457 922 2779 321 922 2780 459 923 2781 457 923 2782 458 923 2783 457 924 2784 459 924 2785 322 924 2786 461 925 2787 322 925 2788 459 925 2789 465 926 2790 456 926 2791 460 926 2792 456 927 2793 465 927 2794 464 927 2795 320 928 2796 330 928 2797 455 928 2798 330 929 2799 320 929 2800 319 929 2801 455 930 2802 461 930 2803 459 930 2804 461 931 2805 455 931 2806 462 931 2807 330 932 2808 462 932 2809 455 932 2810 462 933 2811 330 933 2812 327 933 2813 464 934 2814 463 934 2815 457 934 2816 463 935 2817 464 935 2818 532 935 2819 465 936 2820 532 936 2821 464 936 2822 532 937 2823 465 937 2824 537 937 2825 466 938 2826 537 938 2827 465 938 2828 537 939 2829 466 939 2830 538 939 2831 466 940 2832 323 940 2833 538 940 2834 323 941 2835 466 941 2836 329 941 2837 481 942 2838 275 942 2839 273 942 2840 467 943 2841 481 943 2842 273 943 2843 481 944 2844 467 944 2845 479 944 2846 404 945 2847 415 945 2848 380 945 2849 380 946 2850 468 946 2851 404 946 2852 468 947 2853 380 947 2854 371 947 2855 469 948 2856 468 948 2857 371 948 2858 468 949 2859 469 949 2860 470 949 2861 361 950 2862 470 950 2863 469 950 2864 470 951 2865 361 951 2866 402 951 2867 359 952 2868 402 952 2869 361 952 2870 402 953 2871 359 953 2872 14 953 2873 472 954 2874 471 954 2875 13 954 2876 471 955 2877 472 955 2878 400 955 2879 472 956 2880 473 956 2881 400 956 2882 473 957 2883 472 957 2884 474 957 2885 474 958 2886 397 958 2887 473 958 2888 397 959 2889 474 959 2890 416 959 2891 475 960 2892 397 960 2893 416 960 2894 416 961 2895 405 961 2896 475 961 2897 405 962 2898 416 962 2899 415 962 2900 415 963 2901 404 963 2902 405 963 2903 74 964 2904 37 964 2905 176 964 2906 37 965 2907 476 965 2908 176 965 2909 476 966 2910 37 966 2911 477 966 2912 186 967 2913 476 967 2914 477 967 2915 476 968 2916 186 968 2917 170 968 2918 478 969 2919 170 969 2920 186 969 2921 170 970 2922 478 970 2923 508 970 2924 508 971 2925 478 971 2926 235 971 2927 237 972 2928 479 972 2929 236 972 2930 240 973 2931 479 973 2932 237 973 2933 480 974 2934 479 974 2935 240 974 2936 479 975 2937 480 975 2938 481 975 2939 480 976 2940 275 976 2941 481 976 2942 275 977 2943 480 977 2944 21 977 2945 192 978 2946 21 978 2947 480 978 2948 21 979 2949 192 979 2950 482 979 2951 240 980 2952 192 980 2953 480 980 2954 192 981 2955 240 981 2956 483 981 2957 483 982 2958 240 982 2959 197 982 2960 292 983 2961 525 983 2962 291 983 2963 525 984 2964 292 984 2965 484 984 2966 485 985 2967 525 985 2968 484 985 2969 525 986 2970 485 986 2971 486 986 2972 290 987 2973 486 987 2974 485 987 2975 486 988 2976 290 988 2977 527 988 2978 241 989 2979 29 989 2980 242 989 2981 29 990 2982 241 990 2983 149 990 2984 487 991 2985 490 991 2986 492 991 2987 490 992 2988 487 992 2989 246 992 2990 245 993 2991 492 993 2992 491 993 2993 492 994 2994 245 994 2995 487 994 2996 488 995 2997 489 995 2998 111 995 2999 489 996 3000 488 996 3001 30 996 3002 495 997 3003 30 997 3004 488 997 3005 30 998 3006 495 998 3007 490 998 3008 495 999 3009 492 999 3010 490 999 3011 492 1000 3012 495 1000 3013 491 1000 3014 493 1001 3015 511 1001 3016 556 1001 3017 511 1002 3018 493 1002 3019 518 1002 3020 516 1003 3021 511 1003 3022 518 1003 3023 496 1004 3024 101 1004 3025 494 1004 3026 101 1005 3027 496 1005 3028 498 1005 3029 495 1006 3030 494 1006 3031 491 1006 3032 494 1007 3033 495 1007 3034 496 1007 3035 498 1008 3036 497 1008 3037 101 1008 3038 497 1009 3039 498 1009 3040 148 1009 3041 499 1010 3042 111 1010 3043 545 1010 3044 111 1011 3045 499 1011 3046 488 1011 3047 500 1012 3048 223 1012 3049 226 1012 3050 223 1013 3051 500 1013 3052 501 1013 3053 222 1014 3054 223 1014 3055 501 1014 3056 267 1015 3057 222 1015 3058 501 1015 3059 267 1016 3060 220 1016 3061 222 1016 3062 479 1017 3063 238 1017 3064 236 1017 3065 238 1018 3066 479 1018 3067 502 1018 3068 542 1019 3069 591 1019 3070 138 1019 3071 503 1020 3072 591 1020 3073 542 1020 3074 589 1021 3075 591 1021 3076 503 1021 3077 270 1022 3078 589 1022 3079 503 1022 3080 589 1023 3081 270 1023 3082 590 1023 3083 505 1024 3084 506 1024 3085 507 1024 3086 506 1025 3087 233 1025 3088 507 1025 3089 233 1026 3090 506 1026 3091 508 1026 3092 227 1027 3093 507 1027 3094 233 1027 3095 507 1028 3096 227 1028 3097 505 1028 3098 504 1029 3099 508 1029 3100 506 1029 3101 508 1030 3102 504 1030 3103 170 1030 3104 520 1031 3105 509 1031 3106 0 1031 3107 509 1032 3108 520 1032 3109 510 1032 3110 0 1033 3111 512 1033 3112 513 1033 3113 512 1034 3114 0 1034 3115 509 1034 3116 515 1035 3117 511 1035 3118 516 1035 3119 512 1036 3120 511 1036 3121 515 1036 3122 301 1037 3123 512 1037 3124 515 1037 3125 512 1038 3126 301 1038 3127 513 1038 3128 514 1039 3129 513 1039 3130 301 1039 3131 516 1040 3132 518 1040 3133 515 1040 3134 518 1041 3135 284 1041 3136 515 1041 3137 284 1042 3138 485 1042 3139 515 1042 3140 485 1043 3141 284 1043 3142 290 1043 3143 530 1044 3144 518 1044 3145 493 1044 3146 518 1045 3147 530 1045 3148 517 1045 3149 284 1046 3150 518 1046 3151 517 1046 3152 284 1047 3153 517 1047 3154 519 1047 3155 514 1048 3156 520 1048 3157 513 1048 3158 520 1049 3159 514 1049 3160 522 1049 3161 522 1050 3162 510 1050 3163 520 1050 3164 512 1051 3165 521 1051 3166 511 1051 3167 521 1052 3168 512 1052 3169 510 1052 3170 510 1053 3171 522 1053 3172 521 1053 3173 522 1054 3174 555 1054 3175 521 1054 3176 555 1055 3177 522 1055 3178 300 1055 3179 300 1056 3180 523 1056 3181 555 1056 3182 523 1057 3183 300 1057 3184 299 1057 3185 528 1058 3186 296 1058 3187 526 1058 3188 296 1059 3189 528 1059 3190 524 1059 3191 526 1060 3192 525 1060 3193 486 1060 3194 525 1061 3195 526 1061 3196 296 1061 3197 527 1062 3198 526 1062 3199 486 1062 3200 526 1063 3201 527 1063 3202 528 1063 3203 515 1064 3204 484 1064 3205 301 1064 3206 484 1065 3207 515 1065 3208 485 1065 3209 529 1066 3210 493 1066 3211 556 1066 3212 493 1067 3213 529 1067 3214 530 1067 3215 532 1068 3216 559 1068 3217 463 1068 3218 559 1069 3219 532 1069 3220 531 1069 3221 537 1070 3222 531 1070 3223 532 1070 3224 531 1071 3225 537 1071 3226 558 1071 3227 5 1072 3228 533 1072 3229 534 1072 3230 533 1073 3231 5 1073 3232 6 1073 3233 7 1074 3234 534 1074 3235 407 1074 3236 534 1075 3237 7 1075 3238 5 1075 3239 270 1076 3240 535 1076 3241 590 1076 3242 119 1077 3243 535 1077 3244 270 1077 3245 119 1078 3246 536 1078 3247 535 1078 3248 517 1079 3249 294 1079 3250 519 1079 3251 530 1080 3252 294 1080 3253 517 1080 3254 294 1081 3255 530 1081 3256 529 1081 3257 538 1082 3258 558 1082 3259 537 1082 3260 558 1083 3261 538 1083 3262 539 1083 3263 323 1084 3264 539 1084 3265 538 1084 3266 539 1085 3267 323 1085 3268 326 1085 3269 541 1086 3270 542 1086 3271 153 1086 3272 543 1087 3273 541 1087 3274 153 1087 3275 541 1088 3276 543 1088 3277 179 1088 3278 544 1089 3279 179 1089 3280 543 1089 3281 179 1090 3282 544 1090 3283 180 1090 3284 545 1091 3285 143 1091 3286 499 1091 3287 143 1092 3288 545 1092 3289 546 1092 3290 546 1093 3291 145 1093 3292 143 1093 3293 145 1094 3294 546 1094 3295 113 1094 3296 113 1095 3297 547 1095 3298 145 1095 3299 547 1096 3300 113 1096 3301 549 1096 3302 549 1097 3303 548 1097 3304 547 1097 3305 548 1098 3306 549 1098 3307 115 1098 3308 116 1099 3309 548 1099 3310 115 1099 3311 548 1100 3312 116 1100 3313 146 1100 3314 552 1101 3315 550 1101 3316 181 1101 3317 550 1102 3318 552 1102 3319 551 1102 3320 552 1103 3321 554 1103 3322 551 1103 3323 554 1104 3324 552 1104 3325 553 1104 3326 521 1105 3327 556 1105 3328 511 1105 3329 556 1106 3330 521 1106 3331 555 1106 3332 555 1107 3333 523 1107 3334 556 1107 3335 286 1108 3336 556 1108 3337 523 1108 3338 556 1109 3339 286 1109 3340 529 1109 3341 557 1110 3342 326 1110 3343 328 1110 3344 326 1111 3345 557 1111 3346 539 1111 3347 557 1112 3348 558 1112 3349 539 1112 3350 558 1113 3351 557 1113 3352 460 1113 3353 460 1114 3354 531 1114 3355 558 1114 3356 531 1115 3357 460 1115 3358 456 1115 3359 456 1116 3360 559 1116 3361 531 1116 3362 559 1117 3363 456 1117 3364 322 1117 3365 566 1118 3366 560 1118 3367 563 1118 3368 119 1119 3369 563 1119 3370 560 1119 3371 563 1120 3372 119 1120 3373 271 1120 3374 562 1121 3375 563 1121 3376 271 1121 3377 563 1122 3378 562 1122 3379 561 1122 3380 563 1123 3381 561 1123 3382 594 1123 3383 564 1124 3384 563 1124 3385 594 1124 3386 563 1125 3387 564 1125 3388 566 1125 3389 564 1126 3390 565 1126 3391 566 1126 3392 160 1127 3393 566 1127 3394 565 1127 3395 566 1128 3396 160 1128 3397 159 1128 3398 120 1129 3399 566 1129 3400 159 1129 3401 566 1130 3402 120 1130 3403 567 1130 3404 560 1131 3405 566 1131 3406 567 1131 3407 421 1132 3408 306 1132 3409 568 1132 3410 306 1133 3411 421 1133 3412 569 1133 3413 570 1134 3414 306 1134 3415 569 1134 3416 306 1135 3417 570 1135 3418 571 1135 3419 574 1136 3420 571 1136 3421 570 1136 3422 571 1137 3423 574 1137 3424 309 1137 3425 576 1138 3426 569 1138 3427 421 1138 3428 569 1139 3429 576 1139 3430 572 1139 3431 573 1140 3432 569 1140 3433 572 1140 3434 569 1141 3435 573 1141 3436 570 1141 3437 575 1142 3438 570 1142 3439 573 1142 3440 570 1143 3441 575 1143 3442 574 1143 3443 579 1144 3444 572 1144 3445 576 1144 3446 572 1145 3447 579 1145 3448 577 1145 3449 578 1146 3450 572 1146 3451 577 1146 3452 572 1147 3453 578 1147 3454 573 1147 3455 303 1148 3456 573 1148 3457 578 1148 3458 573 1149 3459 303 1149 3460 575 1149 3461 304 1150 3462 577 1150 3463 579 1150 3464 577 1151 3465 304 1151 3466 580 1151 3467 581 1152 3468 577 1152 3469 580 1152 3470 577 1153 3471 581 1153 3472 578 1153 3473 582 1154 3474 578 1154 3475 581 1154 3476 578 1155 3477 582 1155 3478 303 1155 3479 7 1156 3480 583 1156 3481 3 1156 3482 355 1157 3483 583 1157 3484 7 1157 3485 407 1158 3486 355 1158 3487 7 1158 3488 355 1159 3489 407 1159 3490 353 1159 3491 407 1160 3492 584 1160 3493 353 1160 3494 406 1161 3495 584 1161 3496 407 1161 3497 249 1162 3498 20 1162 3499 248 1162 3500 20 1163 3501 249 1163 3502 250 1163 3503 250 1164 3504 249 1164 3505 585 1164 3506 489 1165 3507 585 1165 3508 249 1165 3509 585 1166 3510 489 1166 3511 189 1166 3512 189 1167 3513 489 1167 3514 586 1167 3515 489 1168 3516 446 1168 3517 586 1168 3518 446 1169 3519 489 1169 3520 30 1169 3521 147 1170 3522 588 1170 3523 587 1170 3524 588 1171 3525 147 1171 3526 142 1171 3527 144 1172 3528 588 1172 3529 142 1172 3530 588 1173 3531 144 1173 3532 112 1173 3533 144 1174 3534 114 1174 3535 112 1174 3536 114 1175 3537 144 1175 3538 123 1175 3539 590 1176 3540 591 1176 3541 589 1176 3542 591 1177 3543 590 1177 3544 535 1177 3545 535 1178 3546 138 1178 3547 591 1178 3548 138 1179 3549 535 1179 3550 536 1179 3551 31 1180 3552 593 1180 3553 592 1180 3554 593 1181 3555 31 1181 3556 564 1181 3557 594 1182 3558 593 1182 3559 564 1182 3560 593 1183 3561 594 1183 3562 595 1183 3563 18 1184 3564 595 1184 3565 594 1184 3566 595 1185 3567 18 1185 3568 251 1185 3569 598 1186 3570 597 1186 3571 596 1186 3572 597 1187 3573 598 1187 3574 599 1187 3575 91 1188 3576 599 1188 3577 598 1188 3578 599 1189 3579 91 1189 3580 441 1189 3581 91 1190 3582 601 1190 3583 441 1190 3584 601 1191 3585 91 1191 3586 600 1191 3587 601 1192 3588 600 1192 3589 125 1192 3590 602 1193 3591 125 1193 3592 600 1193 3593 125 1194 3594 602 1194 3595 603 1194 3596 157 1195 3597 603 1195 3598 602 1195 3599 417 1196 3600 604 1196 3601 335 1196 3602 606 1197 3603 335 1197 3604 604 1197 3605 335 1198 3606 606 1198 3607 605 1198 3608 607 1199 3609 605 1199 3610 606 1199 3611 605 1200 3612 607 1200 3613 334 1200 3614 607 1201 3615 609 1201 3616 334 1201 3617 609 1202 3618 607 1202 3619 615 1202 3620 609 1203 3621 615 1203 3622 608 1203 3623 610 1204 3624 611 1204 3625 403 1204 3626 611 1205 3627 610 1205 3628 612 1205 3629 612 1206 3630 395 1206 3631 611 1206 3632 395 1207 3633 612 1207 3634 401 1207 3635 401 1208 3636 613 1208 3637 395 1208 3638 613 1209 3639 401 1209 3640 1 1209 3641 1 1210 3642 396 1210 3643 613 1210 3644 396 1211 3645 1 1211 3646 614 1211 3647 614 1212 3648 398 1212 3649 396 1212 3650 398 1213 3651 614 1213 3652 399 1213 3653 416 1214 3654 606 1214 3655 604 1214 3656 606 1215 3657 416 1215 3658 474 1215 3659 472 1216 3660 606 1216 3661 474 1216 3662 606 1217 3663 472 1217 3664 607 1217 3665 13 1218 3666 607 1218 3667 472 1218 3668 607 1219 3669 13 1219 3670 615 1219 3671</p>
        </polylist>
      </mesh>
    </geometry>
  </library_geometries>
  <library_controllers>
    <controller id="Armature_mesh0-skin" name="Armature">
      <skin source="#mesh0-mesh">
        <bind_shape_matrix>1 0 0 0 0 1 -1.19209e-7 0 0 1.19209e-7 1 0 0 0 0 1</bind_shape_matrix>
        <source id="Armature_mesh0-skin-joints">
          <Name_array id="Armature_mesh0-skin-joints-array" count="3">Root Trigger Magazine</Name_array>
          <technique_common>
            <accessor source="#Armature_mesh0-skin-joints-array" count="3" stride="1">
              <param name="JOINT" type="name"/>
            </accessor>
          </technique_common>
        </source>
        <source id="Armature_mesh0-skin-bind_poses">
          <float_array id="Armature_mesh0-skin-bind_poses-array" count="48">1 0 0 0 0 1 1.19209e-7 0 0 -1.19209e-7 1 0 0 0 0 1 1 0 0 -4 0 1 1.19209e-7 0 0 -1.19209e-7 1 0 0 0 0 1 1 0 0 -9 0 1 1.19209e-7 0 0 -1.19209e-7 1 0 0 0 0 1</float_array>
          <technique_common>
            <accessor source="#Armature_mesh0-skin-bind_poses-array" count="3" stride="16">
              <param name="TRANSFORM" type="float4x4"/>
            </accessor>
          </technique_common>
        </source>
        <source id="Armature_mesh0-skin-weights">
          <float_array id="Armature_mesh0-skin-weights-array" count="616">1 1 1 1 1 1 1 1 1 1 1 1 1 1 1 1 1 1 1 1 1 1 1 1 1 1 1 1 1 1 1 1 1 1 1 1 1 1 1 1 1 1 1 1 1 1 1 1 1 1 1 1 1 1 1 1 1 1 1 1 1 1 1 1 1 1 1 1 1 1 1 1 1 1 1 1 1 1 1 1 1 1 1 1 1 1 1 1 1 1 1 1 1 1 1 1 1 1 1 1 1 1 1 1 1 1 1 1 1 1 1 1 1 1 1 1 1 1 1 1 1 1 1 1 1 1 1 1 1 1 1 1 1 1 1 1 1 1 1 1 1 1 1 1 1 1 1 1 1 1 1 1 1 1 1 1 1 1 1 1 1 1 1 1 1 1 1 1 1 1 1 1 1 1 1 1 1 1 1 1 1 1 1 1 1 1 1 1 1 1 1 1 1 1 1 1 1 1 1 1 1 1 1 1 1 1 1 1 1 1 1 1 1 1 1 1 1 1 1 1 1 1 1 1 1 1 1 1 1 1 1 1 1 1 1 1 1 1 1 1 1 1 1 1 1 1 1 1 1 1 1 1 1 1 1 1 1 1 1 1 1 1 1 1 1 1 1 1 1 1 1 1 1 1 1 1 1 1 1 1 1 1 1 1 1 1 1 1 1 1 1 1 1 1 1 1 1 1 1 1 1 1 1 1 1 1 1 1 1 1 1 1 1 1 1 1 1 1 1 1 1 1 1 1 1 1 1 1 1 1 1 1 1 1 1 1 1 1 1 1 1 1 1 1 1 1 1 1 1 1 1 1 1 1 1 1 1 1 1 1 1 1 1 1 1 1 1 1 1 1 1 1 1 1 1 1 1 1 1 1 1 1 1 1 1 1 1 1 1 1 1 1 1 1 1 1 1 1 1 1 1 1 1 1 1 1 1 1 1 1 1 1 1 1 1 1 1 1 1 1 1 1 1 1 1 1 1 1 1 1 1 1 1 1 1 1 1 1 1 1 1 1 1 1 1 1 1 1 1 1 1 1 1 1 1 1 1 1 1 1 1 1 1 1 1 1 1 1 1 1 1 1 1 1 1 1 1 1 1 1 1 1 1 1 1 1 1 1 1 1 1 1 1 1 1 1 1 1 1 1 1 1 1 1 1 1 1 1 1 1 1 1 1 1 1 1 1 1 1 1 1 1 1 1 1 1 1 1 1 1 1 1 1 1 1 1 1 1 1 1 1 1 1 1 1 1 1 1 1 1 1 1 1 1 1 1 1 1 1 1 1 1 1 1 1 1 1 1 1 1 1 1 1 1 1 1 1 1 1 1 1 1 1 1 1 1 1 1 1 1 1 1 1 1 1 1 1 1 1 1 1 1 1 1 1 1 1 1 1 1 1 1 1 1 1 1</float_array>
          <technique_common>
            <accessor source="#Armature_mesh0-skin-weights-array" count="616" stride="1">
              <param name="WEIGHT" type="float"/>
            </accessor>
          </technique_common>
        </source>
        <joints>
          <input semantic="JOINT" source="#Armature_mesh0-skin-joints"/>
          <input semantic="INV_BIND_MATRIX" source="#Armature_mesh0-skin-bind_poses"/>
        </joints>
        <vertex_weights count="616">
          <input semantic="JOINT" source="#Armature_mesh0-skin-joints" offset="0"/>
          <input semantic="WEIGHT" source="#Armature_mesh0-skin-weights" offset="1"/>
          <vcount>1 1 1 1 1 1 1 1 1 1 1 1 1 1 1 1 1 1 1 1 1 1 1 1 1 1 1 1 1 1 1 1 1 1 1 1 1 1 1 1 1 1 1 1 1 1 1 1 1 1 1 1 1 1 1 1 1 1 1 1 1 1 1 1 1 1 1 1 1 1 1 1 1 1 1 1 1 1 1 1 1 1 1 1 1 1 1 1 1 1 1 1 1 1 1 1 1 1 1 1 1 1 1 1 1 1 1 1 1 1 1 1 1 1 1 1 1 1 1 1 1 1 1 1 1 1 1 1 1 1 1 1 1 1 1 1 1 1 1 1 1 1 1 1 1 1 1 1 1 1 1 1 1 1 1 1 1 1 1 1 1 1 1 1 1 1 1 1 1 1 1 1 1 1 1 1 1 1 1 1 1 1 1 1 1 1 1 1 1 1 1 1 1 1 1 1 1 1 1 1 1 1 1 1 1 1 1 1 1 1 1 1 1 1 1 1 1 1 1 1 1 1 1 1 1 1 1 1 1 1 1 1 1 1 1 1 1 1 1 1 1 1 1 1 1 1 1 1 1 1 1 1 1 1 1 1 1 1 1 1 1 1 1 1 1 1 1 1 1 1 1 1 1 1 1 1 1 1 1 1 1 1 1 1 1 1 1 1 1 1 1 1 1 1 1 1 1 1 1 1 1 1 1 1 1 1 1 1 1 1 1 1 1 1 1 1 1 1 1 1 1 1 1 1 1 1 1 1 1 1 1 1 1 1 1 1 1 1 1 1 1 1 1 1 1 1 1 1 1 1 1 1 1 1 1 1 1 1 1 1 1 1 1 1 1 1 1 1 1 1 1 1 1 1 1 1 1 1 1 1 1 1 1 1 1 1 1 1 1 1 1 1 1 1 1 1 1 1 1 1 1 1 1 1 1 1 1 1 1 1 1 1 1 1 1 1 1 1 1 1 1 1 1 1 1 1 1 1 1 1 1 1 1 1 1 1 1 1 1 1 1 1 1 1 1 1 1 1 1 1 1 1 1 1 1 1 1 1 1 1 1 1 1 1 1 1 1 1 1 1 1 1 1 1 1 1 1 1 1 1 1 1 1 1 1 1 1 1 1 1 1 1 1 1 1 1 1 1 1 1 1 1 1 1 1 1 1 1 1 1 1 1 1 1 1 1 1 1 1 1 1 1 1 1 1 1 1 1 1 1 1 1 1 1 1 1 1 1 1 1 1 1 1 1 1 1 1 1 1 1 1 1 1 1 1 1 1 1 1 1 1 1 1 1 1 1 1 1 1 1 1 1 1 1 1 1 1 1 1 1 1 1 1 1 1 1 1 1 1 1 1 1 1 1 1 1 1 1 1 1 1 1 1 1 1 1 1 1 1 1 1 1 1 1 1 1 </vcount>
          <v>2 0 0 1 0 2 0 3 0 4 0 5 0 6 0 7 0 8 0 9 0 10 0 11 0 12 0 13 0 14 0 15 0 16 0 17 0 18 0 19 0 20 0 21 0 22 0 23 0 24 0 25 0 26 0 27 0 28 0 29 0 30 0 31 0 32 0 33 0 34 0 35 0 36 0 37 0 38 0 39 0 40 0 41 0 42 0 43 0 44 0 45 0 46 0 47 0 48 0 49 0 50 0 51 0 52 0 53 0 54 0 55 0 56 0 57 0 58 0 59 0 60 0 61 0 62 0 63 0 64 0 65 0 66 0 67 0 68 0 69 0 70 0 71 0 72 0 73 0 74 0 75 0 76 0 77 0 78 0 79 0 80 0 81 0 82 0 83 0 84 0 85 0 86 0 87 0 88 0 89 0 90 0 91 0 92 0 93 0 94 0 95 0 96 0 97 0 98 0 99 0 100 0 101 0 102 0 103 0 104 0 105 0 106 0 107 0 108 0 109 0 110 0 111 0 112 0 113 0 114 0 115 0 116 0 117 0 118 0 119 0 120 0 121 0 122 0 123 0 124 0 125 0 126 0 127 0 128 0 129 0 130 0 131 0 132 0 133 0 134 0 135 0 136 0 137 0 138 0 139 0 140 0 141 0 142 0 143 0 144 0 145 0 146 0 147 0 148 0 149 0 150 0 151 0 152 0 153 0 154 0 155 0 156 0 157 0 158 0 159 0 160 0 161 0 162 0 163 0 164 0 165 0 166 0 167 0 168 0 169 0 170 0 171 0 172 0 173 0 174 0 175 0 176 0 177 0 178 0 179 0 180 0 181 0 182 0 183 0 184 0 185 0 186 0 187 0 188 0 189 0 190 0 191 0 192 0 193 0 194 0 195 0 196 0 197 0 198 0 199 0 200 0 201 0 202 0 203 0 204 0 205 0 206 0 207 0 208 0 209 0 210 0 211 0 212 0 213 0 214 0 215 0 216 0 217 0 218 0 219 0 220 0 221 0 222 0 223 0 224 0 225 0 226 0 227 0 228 0 229 0 230 0 231 0 232 0 233 0 234 0 235 0 236 0 237 0 238 0 239 0 240 0 241 0 242 0 243 0 244 0 245 0 246 0 247 0 248 0 249 0 250 0 251 0 252 0 253 0 254 0 255 0 256 0 257 0 258 0 259 0 260 0 261 0 262 0 263 0 264 0 265 0 266 0 267 0 268 0 269 0 270 0 271 0 272 0 273 0 274 0 275 2 276 0 277 0 278 0 279 2 280 2 281 2 282 2 283 2 284 2 285 2 286 2 287 2 288 2 289 2 290 2 291 2 292 2 293 2 294 2 295 2 296 2 297 2 298 2 299 2 300 2 301 0 302 0 303 0 304 0 305 0 306 0 307 0 308 0 309 1 310 1 311 1 312 1 313 1 314 1 315 1 316 1 317 1 318 0 319 0 320 0 321 0 322 0 323 0 324 0 325 0 326 0 327 0 328 0 329 0 330 0 331 0 332 0 333 0 334 0 335 0 336 0 337 0 338 0 339 0 340 0 341 0 342 0 343 0 344 0 345 0 346 0 347 0 348 0 349 0 350 0 351 0 352 0 353 0 354 0 355 0 356 0 357 0 358 0 359 0 360 0 361 0 362 0 363 0 364 0 365 0 366 0 367 0 368 0 369 0 370 0 371 0 372 0 373 0 374 0 375 0 376 0 377 0 378 0 379 0 380 0 381 0 382 0 383 0 384 0 385 0 386 0 387 0 388 0 389 0 390 0 391 0 392 0 393 0 394 0 395 0 396 0 397 0 398 0 399 0 400 0 401 0 402 0 403 0 404 0 405 0 406 0 407 0 408 0 409 0 410 0 411 0 412 0 413 0 414 0 415 0 416 0 417 0 418 0 419 0 420 0 421 0 422 0 423 0 424 0 425 0 426 0 427 0 428 0 429 0 430 0 431 0 432 0 433 0 434 0 435 0 436 0 437 0 438 0 439 0 440 0 441 0 442 0 443 0 444 0 445 0 446 0 447 0 448 0 449 1 450 1 451 1 452 1 453 1 454 0 455 0 456 0 457 0 458 0 459 0 460 0 461 0 462 0 463 0 464 0 465 0 466 0 467 0 468 0 469 0 470 0 471 0 472 0 473 0 474 0 475 0 476 0 477 0 478 0 479 0 480 0 481 0 482 0 483 2 484 2 485 2 486 0 487 0 488 0 489 0 490 0 491 0 492 2 493 0 494 0 495 0 496 0 497 0 498 0 499 0 500 0 501 0 502 0 503 0 504 0 505 0 506 0 507 0 508 2 509 2 510 2 511 2 512 2 513 2 514 2 515 2 516 2 517 2 518 2 519 2 520 2 521 2 522 2 523 2 524 2 525 2 526 2 527 2 528 2 529 2 530 0 531 0 532 0 533 0 534 0 535 0 536 0 537 0 538 0 539 0 540 0 541 0 542 0 543 0 544 0 545 0 546 0 547 0 548 0 549 0 550 0 551 0 552 0 553 0 554 2 555 2 556 0 557 0 558 0 559 0 560 0 561 0 562 0 563 0 564 0 565 0 566 0 567 0 568 0 569 0 570 0 571 0 572 0 573 0 574 0 575 0 576 0 577 0 578 0 579 0 580 0 581 0 582 0 583 0 584 0 585 0 586 0 587 0 588 0 589 0 590 0 591 0 592 0 593 0 594 0 595 0 596 0 597 0 598 0 599 0 600 0 601 0 602 0 603 0 604 0 605 0 606 0 607 0 608 0 609 0 610 0 611 0 612 0 613 0 614 0 615</v>
        </vertex_weights>
      </skin>
    </controller>
  </library_controllers>
  <library_visual_scenes>
    <visual_scene id="Scene" name="Scene">
      <node id="Armature" name="Armature" type="NODE">
        <matrix sid="transform">1 0 0 0 0 1 -1.19209e-7 0 0 1.19209e-7 1 0 0 0 0 1</matrix>
        <node id="Root" name="Root" sid="Root" type="JOINT">
          <matrix sid="transform">1 0 0 0 0 1 0 0 0 0 1 0 0 0 0 1</matrix>
          <node id="Trigger" name="Trigger" sid="Trigger" type="JOINT">
            <matrix sid="transform">1 0 0 4 0 1 0 0 0 0 1 0 0 0 0 1</matrix>
          </node>
          <node id="Magazine" name="Magazine" sid="Magazine" type="JOINT">
            <matrix sid="transform">1 0 0 9 0 1 0 0 0 0 1 0 0 0 0 1</matrix>
          </node>
        </node>
      </node>
      <node id="mesh0" name="mesh0" type="NODE">
        <translate sid="location">0 0 0</translate>
        <rotate sid="rotationZ">0 0 1 0</rotate>
        <rotate sid="rotationY">0 1 0 0</rotate>
        <rotate sid="rotationX">1 0 0 0</rotate>
        <scale sid="scale">1 1 1</scale>
        <instance_controller url="#Armature_mesh0-skin">
          <skeleton>#Root</skeleton>
          <bind_material>
            <technique_common>
              <instance_material symbol="AdvPistol_MATINST-material" target="#AdvPistol_MATINST-material"/>
            </technique_common>
          </bind_material>
        </instance_controller>
      </node>
    </visual_scene>
  </library_visual_scenes>
  <scene>
    <instance_visual_scene url="#Scene"/>
  </scene>
</COLLADA>