# Blender v2.76 (sub 0) OBJ File: ''
# www.blender.org
mtllib ADVENT Pistol.mtl
o mesh0
v 8.279790 1.124710 1.608970
v -0.845184 -7.178840 -0.806279
v -0.638422 -0.772800 -1.102660
v 0.965874 -1.541720 -1.102660
v -0.152658 -0.036687 -1.102660
v 2.056810 1.509070 -1.102660
v -1.290720 1.509890 -1.102660
v 2.056810 -1.541720 -1.102660
v -3.870620 -5.483850 -1.102661
v -2.896850 -4.009790 -1.102660
v -1.399640 -1.953370 -1.102660
v 0.468106 -2.512970 -1.102660
v -0.845184 -6.968400 -0.806279
v -0.272337 -7.114290 -1.102661
v -3.656240 -6.292880 -0.806280
v 20.900599 5.989990 -0.389588
v 21.126499 5.989990 -0.389588
v 20.900599 5.809550 -0.389588
v 20.900599 -0.595451 -0.958372
v 20.900599 1.122580 -1.410880
v 20.900599 1.867090 -0.958372
v 20.900599 5.039210 -1.404019
v 20.900599 3.429850 -0.289333
v 20.900599 5.809550 0.389596
v 20.900599 5.989990 0.389596
v 20.900599 3.429850 -0.761400
v 22.380800 6.239910 0.735764
v 20.900599 5.589260 0.761407
v 20.900599 3.429850 0.761406
v 20.900599 2.825840 0.169910
v 20.900599 1.867090 0.302752
v 20.900599 -0.595451 0.958379
v 22.380899 6.433670 0.701542
v 22.380899 8.183400 0.226944
v 22.380899 8.183400 0.303804
v 21.825600 8.183400 0.303803
v 21.825600 6.482160 0.799131
v 21.825600 6.659650 0.226944
v 19.681700 6.813670 0.226943
v 21.126499 5.989950 -0.575100
v 21.273800 5.809550 -0.389588
v 21.273800 5.809550 0.389597
v 21.126499 5.989990 0.389597
v 21.454599 5.589050 0.575108
v 22.585600 6.239910 -0.735755
v 22.585800 6.659650 0.575108
v 22.585600 6.239910 0.575108
v 22.585600 6.239910 0.735764
v 22.585699 5.589050 -0.575099
v -1.019270 6.115000 -0.575103
v 20.900599 5.989990 0.575108
v 21.825600 8.183400 0.226944
v 21.825600 6.370950 0.575108
v 22.380899 6.659650 0.575108
v 22.380899 7.471680 -0.226935
v 22.380899 7.471680 0.226944
v 22.380899 6.482160 0.799132
v 22.380899 8.183400 -0.226935
v 22.380899 8.183400 -0.303795
v 22.380899 6.659650 -0.575099
v 21.825600 7.471680 0.226944
v 21.019100 6.814090 0.226943
v 19.681700 6.813670 -0.226935
v -1.454440 3.124450 0.575120
v -1.613460 2.414570 0.575120
v -1.550030 3.124440 0.575120
v -2.516370 4.608340 0.575121
v -0.878414 5.989930 0.575113
v -0.708085 5.531440 0.575121
v 21.126400 6.239910 0.575108
v 21.126499 5.989950 0.575108
v 22.585699 5.589050 0.575108
v 22.381001 6.239910 0.575108
v 22.380899 6.370950 0.575108
v 21.825600 6.659460 0.575108
v 1.582370 3.124450 1.189950
v 1.582370 3.124450 0.575121
v 1.582370 3.248980 1.549460
v -1.454440 3.124450 1.189950
v 1.582370 3.248980 1.300050
v -1.038850 5.039200 1.300051
v -1.038850 3.248980 1.300050
v -2.516370 5.039200 0.575121
v -1.613460 2.414570 -0.575121
v 1.582370 5.039200 1.549461
v 1.582370 5.039200 1.300051
v 0.759216 5.531330 0.575121
v 0.190657 5.870990 0.575121
v 0.190657 5.989940 0.575113
v 14.753699 5.589260 0.761406
v 14.753699 5.589260 -0.761400
v -1.634920 1.501120 1.190120
v 5.287190 1.501120 -0.475363
v 5.287190 1.501120 0.475364
v 7.326640 1.122530 0.475372
v 7.326640 1.122530 0.631268
v -1.550030 5.039200 0.575121
v 7.326640 1.501120 0.475372
v 10.924500 1.501120 0.631268
v 10.924500 1.122530 -0.631265
v 22.480600 2.923240 -0.189639
v 22.480600 2.923240 0.468786
v 22.480600 3.187710 -0.468779
v 22.480600 2.923240 -0.468779
v 22.480600 3.429850 0.289340
v 22.480600 3.429850 -0.289333
v 22.480600 5.662460 -0.575099
v 22.480600 5.903800 -0.946443
v 22.480600 3.356740 -1.142630
v 22.480600 2.236120 -0.468779
v 22.480600 2.029110 -0.302745
v 22.480600 2.029110 0.302752
v 22.480600 3.491900 0.889840
v 22.480600 3.356740 1.142640
v 22.480600 5.662460 0.889849
v 22.480600 5.903800 0.946452
v 22.480600 5.903800 0.575108
v 20.624800 2.080790 1.549460
v 20.624800 2.080790 1.659580
v 20.032900 -0.936998 -1.114190
v 20.032900 -0.936998 1.114200
v 20.032900 0.071941 0.767979
v 21.686300 5.662460 0.575108
v 21.686300 5.662460 0.889849
v 22.480600 5.662460 0.575108
v 1.582370 2.080930 1.364670
v 20.900599 5.589260 -0.761399
v 0.190657 5.990030 0.852390
v 0.190656 5.870990 0.938919
v 20.900599 5.990040 0.705804
v 20.900599 5.039210 1.404021
v 20.624800 5.990040 0.852393
v 20.900599 2.080790 1.409230
v 20.624800 5.039210 1.549461
v 5.905670 2.080930 1.549460
v 1.582370 2.080930 1.549460
v 17.275900 0.753116 0.767979
v 20.032900 -0.695502 0.465419
v 17.850899 -0.695503 -0.465413
v 20.032900 0.753117 0.767979
v 6.264620 1.122530 0.475372
v 7.326640 1.501120 0.631268
v 21.686300 3.187710 0.468786
v 21.686300 3.059350 0.746686
v 21.686300 3.491900 0.889840
v 21.686300 3.356740 1.142640
v 21.686300 5.903800 0.575108
v 21.686300 3.187710 0.243150
v 21.686300 2.923240 0.189645
v 22.480600 2.825840 0.169910
v 17.275900 0.753116 1.562300
v 17.546299 0.071941 0.767979
v 17.850899 -0.695503 0.465418
v 17.977499 -1.014420 -1.004550
v 14.753699 3.429850 -0.761401
v 14.753699 3.429850 0.761405
v 20.900599 3.429850 0.289339
v 6.264620 1.122560 1.659580
v 6.264620 2.080930 1.659580
v 20.624800 -0.936998 1.114200
v 20.900599 -0.742301 0.956190
v 20.900599 1.122580 1.410880
v 20.032900 0.753117 1.562300
v 10.924500 1.122580 1.659580
v 20.624800 1.122580 1.659580
v 11.179999 0.519967 -0.374145
v 11.454400 -1.570820 -0.373984
v 11.454400 -0.660940 -0.373984
v -0.808776 6.239900 0.575104
v -1.019270 6.115000 0.575104
v -0.103448 6.659650 -0.575103
v 22.380899 6.304180 0.774020
v -0.700444 6.304180 0.774016
v 21.157900 6.304200 0.774018
v -0.808776 6.239900 0.735760
v 22.585800 6.659650 -0.575099
v 21.304399 6.659750 0.575108
v 21.126400 6.239910 0.735764
v 21.825600 6.482160 -0.799123
v 11.833699 -1.014420 1.004550
v 11.801600 -0.937000 1.114200
v 11.179999 0.519967 0.374149
v 10.924500 1.122530 0.631268
v 22.380899 6.482160 -0.799123
v 21.825600 8.183400 -0.303795
v 21.019100 6.814090 -0.226935
v 19.681700 6.659650 -0.226935
v 22.417099 0.041449 -0.958372
v 22.646799 0.018361 -0.726728
v 22.646799 1.867090 0.726735
v 22.646799 0.018361 0.726735
v 22.417099 0.041449 0.958379
v 20.624800 5.990040 -0.852385
v 20.900599 5.989990 -0.575100
v -1.454440 3.124450 -1.189950
v 1.582370 3.248980 -1.300050
v 0.190657 5.989940 -0.575112
v 0.190657 5.870990 -0.938917
v 0.190657 5.870990 -0.575120
v 22.585600 6.304200 0.774018
v 5.287190 1.501120 -1.364670
v 6.264620 1.122560 -1.659580
v 6.264620 1.122530 -0.475370
v 7.326640 1.501120 -0.475370
v 10.924500 1.501120 -0.631265
v 7.326640 1.122530 -0.475370
v 7.326640 1.122530 -0.631266
v 7.326640 1.501120 -0.631266
v 1.582370 2.080930 -1.189950
v -1.454440 2.080930 -1.189950
v 11.018600 -1.570820 -0.373984
v 11.018600 0.519967 -0.373984
v 11.684001 -0.660940 -0.377717
v 22.380899 6.433670 -0.701533
v 21.825600 6.370950 -0.575099
v 21.686300 2.923240 -0.468780
v 21.686300 5.662460 -0.575099
v 21.686300 5.662460 -0.889841
v 21.686300 3.356740 -1.142630
v 21.686300 2.236120 -0.468780
v -1.550030 3.124440 -0.575121
v -2.516370 4.608340 -0.575120
v -1.550030 5.039200 -0.575120
v -0.708085 5.531440 -0.575120
v -2.516370 5.039200 -0.575120
v -0.878414 5.989930 -0.575112
v 0.759216 5.531330 -0.575120
v -0.808776 6.239900 -0.575103
v 21.686300 5.903800 -0.575099
v 21.454599 5.589050 -0.575099
v 22.585600 6.239910 -0.575099
v 22.480600 5.903800 -0.575099
v 22.381001 6.239910 -0.575099
v 21.126400 6.239910 -0.575100
v 22.380899 6.370950 -0.575099
v 21.825600 6.659460 -0.575099
v 1.582370 2.080930 -1.549460
v 1.582370 3.248980 -1.549460
v 1.582370 2.080930 -1.364670
v 1.582370 3.124450 -1.189950
v 1.582370 5.039200 -1.549459
v 22.480600 2.825840 -0.169903
v 20.900599 2.825840 -0.169903
v 21.686300 2.923240 -0.189639
v 21.686300 3.187710 -0.243143
v 22.480600 2.236110 -0.302746
v 20.900599 2.373650 -0.302745
v 21.686300 2.236110 -0.302746
v 20.900599 1.867090 -0.302745
v 22.480600 1.867090 -0.302745
v 22.417099 1.867090 -0.958372
v 22.008900 -0.595451 -0.958372
v 21.686300 5.903800 -0.946443
v 22.480600 5.634660 -1.142629
v 21.686300 5.634660 -1.142629
v 22.480600 3.059350 -0.746679
v 21.686300 3.059350 -0.746679
v 21.686300 2.029110 -0.746679
v 21.686300 2.029110 -0.302745
v 22.480600 2.029110 -0.746679
v 22.480600 5.662460 -0.889840
v 22.480600 3.491900 -0.889833
v 21.686300 3.491900 -0.889833
v 21.686300 3.187710 -0.468780
v 22.480600 3.187710 -0.243143
v 21.825600 8.183400 -0.226935
v 21.825600 7.471680 -0.226935
v -1.038850 3.248980 -1.300050
v -1.454440 3.124450 -0.575121
v 1.582370 3.124450 -0.575120
v 20.032900 0.753117 -1.562290
v 20.624800 -0.936998 -1.114190
v 10.924500 1.122580 -1.659570
v 20.624800 2.080790 -1.659570
v 20.624800 1.122580 -1.659570
v 20.900599 2.080790 -1.409230
v 9.628980 1.124710 -1.608960
v 22.380800 6.239910 -0.735755
v 22.380899 6.304180 -0.774011
v 22.585600 6.304200 -0.774009
v 8.279799 0.683508 -1.608960
v 8.279790 1.124710 -1.293390
v 8.279799 1.124710 -1.608960
v 9.628980 1.124710 -1.293560
v 10.923900 1.124710 -0.629358
v 7.326100 1.124710 -1.293260
v 10.569400 -1.571600 -1.430900
v 10.569400 -1.118840 -1.657550
v 7.326100 0.615506 -1.657550
v 9.628980 0.683510 -1.608960
v 10.923900 1.499290 -0.629358
v 7.577590 1.499280 -0.344947
v 7.326100 1.499280 -0.629358
v 7.326100 1.124710 -0.629358
v 10.569400 1.124710 -1.293690
v 10.569400 0.615507 -1.657550
v 7.577590 1.826400 0.344949
v 7.326100 -1.571600 -1.430900
v 7.326100 -1.118840 -1.657550
v 7.326100 -1.571600 1.430910
v 7.326100 -1.118840 1.657550
v 7.326100 1.124710 0.629360
v 22.263300 -1.103390 0.666219
v 21.637199 -2.299250 0.666219
v 22.263300 -2.299250 -0.666212
v 22.263300 -1.103390 -0.666212
v 22.119699 -0.825324 -0.457428
v 22.432699 -1.103390 -0.457428
v 22.432699 -1.103390 0.457435
v 21.950300 -0.825324 0.666219
v 4.615260 -1.029630 0.209968
v 4.615260 0.750653 0.209968
v 5.102540 1.266820 -0.209967
v 5.102540 1.266820 0.209968
v 2.212100 1.266820 0.209967
v 2.212100 -0.770926 -0.209967
v 4.333440 -0.770925 -0.209967
v 4.615260 0.750653 -0.209967
v 4.615260 -1.029630 -0.209967
v 2.056810 -1.619960 -0.687483
v 2.056810 -1.145180 -0.992020
v 2.408570 1.509080 -0.992020
v 2.408570 1.509080 0.460529
v 2.408570 -1.155180 -0.460530
v 2.408570 -1.135190 -0.992020
v 2.408570 -1.619960 -0.687483
v 2.408570 -1.155180 0.460529
v 2.408570 -1.619960 0.687483
v 2.408570 -1.619960 0.460529
v 2.408570 -1.619960 -0.460530
v 2.056810 -1.619960 0.687482
v 0.679999 -3.490200 0.416939
v 0.498428 -3.490200 0.862364
v 0.679999 -3.490200 -0.416940
v 0.136515 -6.622320 -0.416941
v -0.124161 -6.518550 0.901616
v 0.119578 -3.490200 1.102660
v 0.119578 -3.490200 -1.102660
v 0.498429 -3.490200 -0.862364
v 0.830848 -2.512970 -0.862364
v 0.453164 -2.802980 -1.102660
v 0.372471 -3.068000 -1.102660
v 1.008280 -2.802810 0.416939
v 0.826708 -2.802800 0.862364
v 1.012420 -2.512970 -0.416939
v 0.826708 -2.802800 -0.862364
v 0.747106 -3.075030 -0.862364
v 0.932699 -3.068320 -0.416940
v 1.008280 -2.802810 -0.416939
v 0.932699 -3.068320 0.416939
v 0.830847 -2.512970 0.862364
v 0.747106 -3.075030 0.862364
v 0.453164 -2.802980 1.102660
v 1.504820 -1.541720 0.416939
v 1.012420 -2.512970 0.416939
v 1.504820 -1.541720 -0.416939
v -1.768030 -1.662080 -0.766130
v -3.438180 -3.677690 -0.723805
v -3.726410 -5.132400 -1.102661
v -3.913130 -6.230250 -1.102661
v -4.308390 -5.360020 -0.785964
v -4.308390 -6.138450 -0.785964
v -4.498640 -5.314240 -0.321463
v -3.611110 -3.600940 -0.321462
v -1.926250 -1.542850 -0.321462
v -1.926250 -1.542850 0.321461
v -3.611110 -3.600940 0.321461
v -4.498640 -5.314240 0.321460
v -4.380670 -4.924890 -0.321463
v -4.191960 -4.983420 -0.776648
v -4.380670 -4.924890 0.321460
v -4.480550 -6.096170 0.321460
v -4.308390 -5.360020 0.785960
v -4.191960 -4.983420 0.776644
v -3.438180 -3.677690 0.723803
v -3.726410 -5.132400 1.102659
v -2.896850 -4.009790 1.102659
v -1.768030 -1.662080 0.766129
v -1.213110 -0.603328 0.915786
v -1.006130 -0.332396 0.919272
v -4.308390 -6.138450 0.785960
v -0.929216 0.151095 0.489915
v -0.708777 -0.055843 0.876726
v -0.692226 0.519694 0.489915
v -0.509505 0.329442 -0.876727
v -0.692226 0.519694 -0.489915
v -1.245240 -0.104543 0.489914
v -1.245240 -0.104543 -0.489915
v -1.446360 -0.374110 0.469627
v -1.446360 -0.374110 -0.469628
v -1.213110 -0.603328 -0.915787
v -0.344470 -0.359498 -1.102660
v -0.708777 -0.055843 -0.876727
v -1.006130 -0.332396 -0.919273
v -0.929215 0.151095 -0.489915
v -3.656240 -6.851090 0.806276
v -0.544491 -7.215690 0.669214
v -0.544491 -7.044350 0.669586
v -0.377022 -7.238650 0.366168
v -0.377022 -7.238650 -0.366171
v -0.377022 -7.085800 -0.366171
v -3.656240 -6.851090 -0.806280
v -3.855610 -6.244820 -0.629786
v -3.987200 -6.813000 0.284361
v -3.855610 -6.244820 0.629782
v -3.656240 -6.292880 0.806276
v 0.965874 -1.541720 1.102660
v 2.056810 -1.541720 1.102660
v -0.152658 -0.036687 1.102660
v -0.344471 -0.359498 1.102660
v -0.638422 -0.772800 1.102660
v 0.468106 -2.512970 1.102660
v 0.372471 -3.068000 1.102660
v -1.399640 -1.953370 1.102660
v -3.870620 -5.483850 1.102659
v -3.913130 -6.230250 1.102659
v -0.272337 -7.114290 1.102659
v -0.712893 -6.239510 1.102659
v -1.290720 1.133040 -1.102660
v -1.290720 1.133040 1.102660
v -0.509505 0.329442 0.876726
v 21.207001 -0.825324 -0.666212
v 23.010599 5.589050 -0.761399
v 17.789499 3.429780 -0.761400
v 23.154699 3.790770 -0.426286
v 18.956499 3.790770 -0.426287
v 23.010599 3.429850 0.761407
v 23.154699 3.532520 -0.666906
v 18.956499 5.228130 -0.426286
v 18.956499 5.228130 0.426294
v 23.154699 5.228130 0.426295
v 17.789499 3.429750 0.761406
v 17.789499 5.589260 0.761407
v 23.010599 5.589050 0.761408
v 23.154699 5.486380 0.666914
v 18.956499 3.790770 0.426293
v 23.154699 3.790770 0.426294
v 23.154699 5.486380 -0.666905
v 23.154699 5.228130 -0.426285
v -1.454440 2.080930 -0.575121
v -1.565590 2.080930 -0.575121
v -1.634920 2.080930 1.190120
v -1.565590 2.080930 0.575120
v -1.454440 2.080930 0.575120
v -1.454440 2.080930 1.189950
v 1.582370 2.080930 1.189950
v 20.900599 1.867090 0.958379
v 23.010599 3.429850 -0.761400
v 23.154699 3.532520 0.666913
v 17.789499 5.589260 -0.761399
v 4.333440 -0.770925 0.209968
v 4.457620 -1.029630 -0.209967
v 4.457620 -1.029630 0.209968
v 2.212100 -0.770926 0.209967
v 2.212100 1.266820 -0.209967
v 2.056810 -1.145180 0.992020
v 7.312320 1.509060 0.460530
v 2.408570 1.509080 -0.460530
v 2.056810 1.509090 -0.992020
v 2.056810 1.509090 0.992020
v 7.312320 -1.146310 0.460530
v 2.408570 1.509080 0.992020
v 2.408570 -1.135190 0.992020
v 2.408570 1.210810 -0.460530
v 7.312320 1.509060 -0.460529
v 7.312320 -1.146310 -0.460529
v 6.606000 -1.619960 -0.460529
v 6.264620 2.080930 -1.659580
v -3.987200 -6.212490 0.284361
v -4.480550 -6.096170 -0.321463
v -3.987200 -6.212490 -0.284365
v -0.544491 -7.044350 -0.669588
v 0.149058 -7.234590 -0.443910
v -0.377022 -7.085800 0.366168
v 0.149058 -7.234590 0.443907
v -0.845184 -6.968400 0.806277
v -0.103448 6.659650 0.575105
v 19.681700 6.659650 0.226943
v 21.825600 6.659650 -0.226935
v 5.905670 2.080930 -1.549460
v 20.624800 5.039210 -1.549459
v 20.624800 2.080790 -1.549460
v 20.900599 5.990040 -0.705796
v 0.190657 5.990030 -0.852389
v 7.326100 1.499280 0.629360
v 10.923900 1.499290 0.629361
v 10.704400 1.499290 0.344949
v 22.480600 2.373650 -0.302746
v 21.686300 2.029110 0.302752
v 22.480600 1.867090 0.302752
v 20.900599 2.373650 0.302752
v 22.480600 2.236110 0.302753
v 22.480600 2.373650 0.302753
v 11.288899 -1.275120 1.292410
v 22.480600 2.236120 0.468786
v 21.686300 2.236110 0.302752
v 21.686300 2.236120 0.468786
v 22.480600 2.923240 0.189645
v 21.686300 2.923240 0.468786
v 21.686300 2.029110 0.746686
v 1.582370 5.039200 -1.300049
v -1.038850 5.039200 -1.300049
v 5.287190 2.080930 -1.364670
v 17.275900 0.753116 -1.562290
v -0.700444 6.304180 -0.774015
v -0.808776 6.239900 -0.735759
v 21.157900 6.304200 -0.774009
v 21.126400 6.239910 -0.735756
v 21.304399 6.659750 -0.575099
v 9.628980 1.124710 1.608970
v 9.628980 0.683510 1.608970
v 10.569400 1.124710 1.293690
v 9.628980 1.124710 1.293570
v 8.279790 1.124710 1.293390
v 7.326100 1.124710 1.293260
v 10.923900 1.124710 0.629361
v 10.923900 1.124710 1.293690
v 11.288899 0.259333 -1.292400
v 11.288899 0.259333 1.292410
v 10.923900 1.124710 -1.293690
v 8.279790 0.683508 1.608970
v 10.569400 0.615507 1.657550
v 7.326100 0.615506 1.657550
v 10.569400 -1.571600 1.430910
v 7.577590 1.826400 -0.344947
v 7.577590 1.499280 0.344949
v 10.704400 1.826400 0.344949
v 10.704400 1.499290 -0.344946
v 10.704400 1.826400 -0.344946
v 10.569400 -1.275120 -1.292400
v 11.288899 -1.275120 -1.292400
v 6.785590 1.216740 0.460530
v 6.785590 1.216740 -0.460529
v -1.290720 1.509890 1.102660
v 2.056810 1.509070 1.102660
v 20.032900 0.071941 -0.767973
v 20.032900 -0.695502 -0.465412
v 6.785590 -0.817197 -0.460529
v 6.297800 -1.155180 -0.460529
v 6.297800 -1.155180 0.460530
v 11.801600 -0.937000 -1.114190
v 11.833699 -1.014420 -1.004550
v 17.946800 -0.936999 -1.114190
v 17.977499 -1.014420 1.004550
v 17.946800 -0.936999 1.114200
v 22.480600 2.029110 0.746686
v 22.480600 3.059350 0.746686
v 21.686300 5.634660 1.142641
v 21.686300 5.903800 0.946452
v 22.480600 5.634660 1.142641
v 11.684001 -0.660940 0.377720
v 11.454400 -0.660940 0.373987
v 11.018600 0.519967 0.373987
v 11.018600 -1.570820 0.373987
v 11.454400 -1.570820 0.373987
v 10.569400 -1.118840 1.657550
v 10.569400 -1.275120 1.292410
v 6.606000 -1.619960 0.460530
v 6.785590 -0.817197 0.460530
v 2.408570 1.210810 0.460529
v 20.032900 -1.014420 -1.004550
v 20.900599 -0.825324 -0.865269
v 20.900599 -0.742301 -0.956183
v 20.624800 -1.014420 -1.004550
v 20.900599 -0.825324 0.726735
v 20.900599 -0.825324 0.865275
v 20.624800 -1.014420 1.004550
v 20.032900 -1.014420 1.004550
v 21.950300 -0.825324 -0.666212
v 21.069899 -0.825324 -0.457428
v 21.069899 -0.825324 0.457434
v 22.119699 -0.825324 0.457435
v 20.860500 -1.111000 -0.457428
v 20.860500 -1.111000 0.457434
v 21.207001 -0.825324 0.666219
v 20.997599 -1.111000 0.666219
v 20.997599 -1.111000 -0.666212
v 21.564100 -2.454120 -0.457428
v 21.564100 -2.454120 0.457434
v 21.637199 -2.299250 -0.666212
v 22.432699 -2.454120 -0.457428
v 22.432699 -2.454120 0.457435
v 22.263300 -2.299250 0.666219
v 1.323250 -1.541720 -0.862364
v 1.323250 -1.541720 0.862364
v 22.646799 1.867090 -0.726728
v 22.417099 1.867090 0.958379
v 22.480600 3.187710 0.243150
v 22.480600 3.187710 0.468786
v 17.275900 0.753116 -0.767974
v 20.032900 0.753117 -0.767973
v 17.546299 0.071941 -0.767974
v 22.008900 -0.595451 0.958379
v 22.144499 -0.825324 0.726735
v 20.900599 -0.825324 -0.726729
v 22.144499 -0.825324 -0.726728
v -1.454400 1.501120 -1.364670
v -1.454400 2.080930 -1.364670
v -1.634920 1.501120 -1.190120
v -1.634920 2.080930 -1.190120
v -1.454400 1.501120 1.364670
v -1.454400 2.080930 1.364670
v 5.287190 1.501120 1.364670
v 5.287190 2.080930 1.364670
v -0.040684 -6.554230 1.102659
v 0.136515 -6.622320 0.416938
v 0.339671 -6.695020 0.443907
v 0.339671 -6.695020 -0.443910
v -0.712893 -6.239510 -1.102661
v -0.124161 -6.518550 -0.901618
v -3.987200 -6.813000 -0.284365
v -3.855610 -6.828090 0.629782
v -3.855610 -6.828090 -0.629786
v -0.845184 -7.178840 0.806277
v -0.544491 -7.215690 -0.669216
v -0.040684 -6.554230 -1.102661
vt 0.251465 -0.141357
vt 0.241943 -0.131226
vt 0.241943 -0.141357
vt 0.224731 -0.139038
vt 0.236084 -0.110413
vt 0.224731 -0.110413
vt 0.983887 -0.632324
vt 0.994629 -0.674316
vt 0.995117 -0.632324
vt 1.826170 -0.376221
vt 1.774410 -0.388184
vt 1.774410 -0.376221
vt 0.642090 -0.504395
vt 0.524414 -0.487305
vt 0.533203 -0.504395
vt 0.509277 -0.331787
vt 0.485596 -0.280273
vt 0.485596 -0.331787
vt 1.971680 -0.597656
vt 1.178710 -0.600586
vt 1.182620 -0.597656
vt 0.875000 -0.997070
vt 0.656738 -0.992188
vt 0.655273 -0.997070
vt 0.655273 -0.419922
vt 0.655273 -0.403320
vt 0.643555 -0.403320
vt 0.103821 -0.004486
vt 0.179810 -0.017456
vt 0.179810 -0.004463
vt 0.103821 -0.017486
vt 1.511720 -0.061798
vt 1.522460 -0.054077
vt 1.523440 -0.060485
vt 1.509770 -0.054077
vt 1.409180 -0.074585
vt 1.406250 -0.054077
vt 1.288090 -0.277344
vt 1.327150 -0.339600
vt 1.260740 -0.319580
vt 1.345700 -0.304932
vt 1.298830 -0.262695
vt 1.305660 -0.251221
vt 1.383790 -0.195923
vt 1.264650 -0.209473
vt 1.264650 -0.196045
vt 1.383790 -0.304688
vt 1.300780 -0.503906
vt 1.285160 -0.472656
vt 1.309570 -0.483887
vt 1.170900 -0.472168
vt 1.172850 -0.445557
vt 1.177730 -0.433105
vt 1.207030 -0.393066
vt 1.315430 -0.374512
vt 1.324220 -0.359375
vt 1.327150 -0.350098
vt 1.528320 -0.085876
vt 1.516600 -0.102905
vt 1.504880 -0.097534
vt 1.390630 -0.097717
vt 1.380860 -0.086059
vt 1.219730 -0.333984
vt 1.213870 -0.327881
vt 1.219730 -0.327881
vt 1.213870 -0.333984
vt 1.196290 -0.350342
vt 1.187500 -0.356689
vt 1.187500 -0.350342
vt 1.201170 -0.356689
vt 1.182620 -0.390869
vt 1.190430 -0.394043
vt 1.185550 -0.394043
vt 1.181640 -0.385742
vt 1.166020 -0.324463
vt 1.181640 -0.298096
vt 1.166020 -0.290527
vt 1.205080 -0.298096
vt 1.205080 -0.280029
vt 1.209960 -0.263916
vt 1.189450 -0.242554
vt 1.166020 -0.185181
vt 1.206050 -0.242554
vt 1.189450 -0.165649
vt 1.191410 -0.151367
vt 1.195310 -0.151367
vt 1.202150 -0.157715
vt 1.202150 -0.151367
vt 0.219849 -0.333984
vt 0.214722 -0.327881
vt 0.214722 -0.333984
vt 0.219849 -0.327881
vt 0.196289 -0.350342
vt 0.188232 -0.356689
vt 0.201538 -0.356689
vt 0.188232 -0.350342
vt 0.212769 -0.338135
vt 0.199585 -0.310303
vt 0.199585 -0.338135
vt 0.212769 -0.310303
vt 1.159180 -0.413330
vt 1.056640 -0.449463
vt 1.056640 -0.413330
vt 1.159180 -0.449463
vt 0.160645 -0.209961
vt 0.140625 -0.184326
vt 0.140625 -0.209961
vt 0.160645 -0.184326
vt 0.111511 -0.138672
vt 0.106934 -0.140869
vt 0.114136 -0.143311
vt 0.112732 -0.145630
vt 0.106934 -0.145630
vt 0.196167 -0.151367
vt 0.202759 -0.157715
vt 0.202759 -0.151367
vt 0.189575 -0.165649
vt 0.230591 -0.157715
vt 0.243774 -0.165649
vt 0.191528 -0.151367
vt 0.166626 -0.185181
vt 0.189575 -0.242554
vt 0.166504 -0.290527
vt 0.210571 -0.263916
vt 0.205933 -0.280029
vt 0.227417 -0.280029
vt 0.222778 -0.263916
vt 0.206421 -0.242554
vt 0.205933 -0.298096
vt 0.182495 -0.298096
vt 0.166382 -0.324463
vt 0.182495 -0.385742
vt 0.182617 -0.390869
vt 0.190796 -0.394043
vt 0.185913 -0.394043
vt 0.104675 -0.312744
vt 0.109802 -0.332764
vt 0.109802 -0.312744
vt 0.100769 -0.312744
vt 0.100769 -0.332764
vt 0.136353 -0.309326
vt 0.156372 -0.312012
vt 0.156372 -0.309326
vt 0.136353 -0.312012
vt 0.156372 -0.375977
vt 0.136353 -0.375977
vt 0.729980 -0.221436
vt 0.748535 -0.227783
vt 0.748535 -0.221436
vt 0.729980 -0.227783
vt 0.134644 -0.211304
vt 0.057312 -0.205811
vt 0.057312 -0.211304
vt 0.105591 -0.205811
vt 0.134644 -0.182007
vt 0.188599 -0.333984
vt 0.193726 -0.340332
vt 0.193604 -0.333984
vt 0.188599 -0.347900
vt 0.214844 -0.340332
vt 0.219849 -0.347900
vt 0.280762 -0.103516
vt 0.304199 -0.145020
vt 0.304199 -0.103516
vt 0.265625 -0.103516
vt 0.280762 -0.097717
vt 0.278320 -0.096313
vt 0.265625 -0.145020
vt 0.280762 -0.145020
vt 0.280762 -0.150757
vt 0.278320 -0.152222
vt 0.131226 -0.105347
vt 0.172729 -0.146118
vt 0.172729 -0.105347
vt 0.131226 -0.146118
vt 0.005172 -0.811523
vt 0.043548 -0.817871
vt 0.043548 -0.811523
vt 0.005168 -0.817871
vt 0.993652 -0.613281
vt 0.983398 -0.623535
vt 0.993652 -0.618164
vt 0.246216 -0.623535
vt 0.246216 -0.613281
vt 0.103882 -0.135986
vt 0.116455 -0.135986
vt 0.103882 -0.106750
vt 0.106628 -0.081054
vt 0.103882 -0.081054
vt 0.124512 -0.142456
vt 0.116455 -0.146484
vt 0.184204 -0.704102
vt 0.187744 -0.704102
vt 0.202759 -0.677246
vt 0.296387 -0.677246
vt 0.296387 -0.704102
vt 0.076416 -0.371826
vt 0.079956 -0.373535
vt 0.084533 -0.365479
vt 0.113464 -0.335938
vt 0.125977 -0.365479
vt 0.097106 -0.335938
vt 0.094299 -0.310303
vt 0.097106 -0.310303
vt 0.116211 -0.310303
vt 0.113464 -0.310303
vt 0.134033 -0.371826
vt 0.130615 -0.373535
vt 0.161865 -0.218750
vt 0.141724 -0.235107
vt 0.161865 -0.235107
vt 0.141724 -0.218750
vt 0.104248 -0.235107
vt 0.104248 -0.218750
vt 0.055999 -0.235107
vt 0.055999 -0.218750
vt 0.123413 -0.620605
vt 0.126221 -0.657715
vt 0.126221 -0.620605
vt 0.120422 -0.645508
vt 0.122009 -0.657715
vt 0.089355 -0.568359
vt 0.123413 -0.553223
vt 0.089416 -0.552734
vt 0.153931 -0.536133
vt 0.147949 -0.520020
vt 0.186401 -0.523926
vt 0.186401 -0.520020
vt 0.150269 -0.510742
vt 0.208252 -0.536133
vt 0.142700 -0.515137
vt 0.941895 -0.510742
vt 0.934082 -0.520020
vt 0.941895 -0.520020
vt 0.962402 -0.522949
vt 0.962402 -0.531738
vt 0.954102 -0.534668
vt 0.990723 -0.531738
vt 0.994629 -0.534668
vt 0.990723 -0.522949
vt 0.994629 -0.510742
vt 0.987305 -0.510742
vt 0.987305 -0.506348
vt 0.967285 -0.506348
vt 0.967285 -0.496094
vt 0.948730 -0.496094
vt 0.149902 -0.604980
vt 0.125000 -0.609863
vt 0.146973 -0.609863
vt 0.159058 -0.541992
vt 0.149902 -0.541992
vt 0.159058 -0.604980
vt 0.146973 -0.646484
vt 0.153564 -0.646484
vt 0.159058 -0.645996
vt 0.160522 -0.756836
vt 0.182617 -0.794434
vt 0.182617 -0.756836
vt 0.160522 -0.794434
vt 0.296387 -0.754395
vt 0.187744 -0.776367
vt 0.296387 -0.776367
vt 0.187744 -0.754395
vt 0.269775 -0.828613
vt 0.369629 -0.897461
vt 0.369385 -0.828613
vt 0.269775 -0.897461
vt 0.005168 -0.825684
vt 0.043548 -0.889160
vt 0.043548 -0.825684
vt 0.005168 -0.889160
vt 0.043548 -0.903320
vt 0.005168 -0.903320
vt 0.043548 -0.982910
vt 0.005168 -0.982910
vt 0.043548 -0.994141
vt 0.005168 -0.994141
vt 0.174561 -0.599121
vt 0.188232 -0.656250
vt 0.197144 -0.656250
vt 0.161743 -0.624512
vt 0.161499 -0.599121
vt 0.161377 -0.595215
vt 0.171387 -0.594727
vt 0.123718 -0.505371
vt 0.159668 -0.480225
vt 0.123718 -0.480225
vt 0.159668 -0.505371
vt 0.625977 -0.847656
vt 0.619141 -0.939453
vt 0.625977 -0.933105
vt 0.619141 -0.841309
vt 0.376221 -0.873047
vt 0.376221 -0.841309
vt 0.376221 -0.907715
vt 0.376221 -0.939453
vt 0.338867 -0.949707
vt 0.339111 -0.907715
vt 0.301514 -0.913086
vt 0.301514 -0.907715
vt 0.174683 -0.913086
vt 0.174561 -0.949707
vt 0.005359 -0.743164
vt 0.005359 -0.802246
vt 0.033569 -0.802246
vt 0.033569 -0.743652
vt 0.021301 -0.716309
vt 0.091613 -0.683594
vt 0.054901 -0.683594
vt 0.650879 -0.953613
vt 0.577148 -0.987793
vt 0.650879 -0.987793
vt 0.577148 -0.953613
vt 0.447021 -0.993652
vt 0.577148 -0.993652
vt 0.447021 -0.947754
vt 0.577148 -0.947754
vt 0.192627 -0.862793
vt 0.179321 -0.907227
vt 0.192627 -0.907227
vt 0.179321 -0.862793
vt 0.238403 -0.130493
vt 0.241943 -0.117615
vt 0.238403 -0.118286
vt 0.251465 -0.107544
vt 0.241943 -0.107544
vt 0.251465 -0.115662
vt 0.251465 -0.133179
vt 0.259766 -0.114014
vt 0.259766 -0.134888
vt 0.340820 -0.145142
vt 0.349365 -0.158569
vt 0.349365 -0.145142
vt 0.340820 -0.156494
vt 0.339844 -0.165649
vt 0.257568 -0.165649
vt 0.262451 -0.156494
vt 0.246826 -0.151367
vt 0.209717 -0.151367
vt 0.217163 -0.141357
vt 0.217163 -0.135376
vt 0.209717 -0.135376
vt 0.217163 -0.113525
vt 0.209717 -0.113525
vt 0.209717 -0.097473
vt 0.217163 -0.107544
vt 0.246826 -0.097473
vt 0.262451 -0.092346
vt 0.203857 -0.135376
vt 0.203857 -0.113525
vt 0.257568 -0.083190
vt 0.340820 -0.092346
vt 0.339844 -0.083190
vt 0.349365 -0.090271
vt 0.340820 -0.103699
vt 0.349365 -0.103699
vt 0.987793 -0.792480
vt 0.998047 -0.783691
vt 0.987793 -0.788574
vt 0.469727 -0.792480
vt 0.456787 -0.788574
vt 0.097961 -0.543457
vt 0.021514 -0.540527
vt 0.025482 -0.543457
vt 0.101929 -0.540527
vt 0.044921 -0.531738
vt 0.078491 -0.531738
vt 0.089416 -0.504395
vt 0.118103 -0.479736
vt 0.089416 -0.479736
vt 0.236084 -0.139038
vt 0.371094 -0.526855
vt 0.214111 -0.533203
vt 0.348633 -0.533203
vt 0.214111 -0.526855
vt 0.159546 -0.381592
vt 0.057159 -0.406982
vt 0.159546 -0.406982
vt 0.057159 -0.381592
vt 0.159546 -0.413330
vt 0.057159 -0.449463
vt 0.159546 -0.449463
vt 0.057159 -0.413330
vt 0.252686 -0.637695
vt 0.301758 -0.674316
vt 0.252686 -0.632324
vt 0.983887 -0.674316
vt 0.994629 -0.780273
vt 0.983887 -0.780273
vt 0.456543 -0.780273
vt 0.301758 -0.738770
vt 0.301758 -0.780273
vt 0.193359 -0.659180
vt 0.093933 -0.687988
vt 0.193359 -0.687988
vt 0.093933 -0.659180
vt 0.093444 -0.727539
vt 0.172119 -0.694336
vt 0.093444 -0.694336
vt 0.172119 -0.727539
vt 0.152466 -0.760742
vt 0.073669 -0.790527
vt 0.152466 -0.790527
vt 0.062683 -0.760742
vt 0.152466 -0.735840
vt 0.052948 -0.735840
vt 0.187744 -0.709961
vt 0.296387 -0.747559
vt 0.296387 -0.709961
vt 0.187744 -0.747559
vt 0.379883 -0.783203
vt 0.418213 -0.796875
vt 0.453369 -0.783203
vt 0.379883 -0.796875
vt 0.235474 -0.797363
vt 0.365234 -0.783691
vt 0.235474 -0.783691
vt 0.365234 -0.797363
vt 0.369873 -0.797363
vt 0.375488 -0.783691
vt 0.369873 -0.783691
vt 0.375488 -0.797363
vt 0.395752 -0.983398
vt 0.405273 -0.993652
vt 0.405273 -0.983398
vt 0.395752 -0.991699
vt 0.437500 -0.989746
vt 0.429932 -0.983398
vt 0.429932 -0.989746
vt 0.437500 -0.973633
vt 0.400391 -0.973633
vt 0.384766 -0.968262
vt 0.389648 -0.959473
vt 0.306396 -0.968262
vt 0.307373 -0.959473
vt 0.297607 -0.966309
vt 0.297607 -0.979980
vt 0.306396 -0.979980
vt 0.650391 -0.193848
vt 0.679199 -0.185425
vt 0.650391 -0.185547
vt 0.707520 -0.194092
vt 0.707031 -0.171997
vt 0.678711 -0.175659
vt 0.650391 -0.175781
vt 0.650391 -0.172241
vt 0.030105 -0.473389
vt 0.083801 -0.492920
vt 0.062805 -0.479492
vt 0.002004 -0.411377
vt 0.024993 -0.442383
vt 0.029892 -0.416504
vt 0.005592 -0.478027
vt 0.079406 -0.495117
vt 0.008888 -0.481689
vt 0.030838 -0.466797
vt 0.057159 -0.457275
vt 0.030838 -0.457275
vt 0.057159 -0.466797
vt 0.159546 -0.474854
vt 0.057159 -0.474854
vt 0.978027 -0.802734
vt 0.990723 -0.836426
vt 0.990723 -0.803223
vt 0.421875 -0.802734
vt 0.458740 -0.836426
vt 0.445313 -0.802734
vt 0.458984 -0.802734
vt 0.625000 -0.836426
vt 0.978027 -0.836426
vt 0.978027 -0.912598
vt 0.990723 -0.906738
vt 0.879883 -0.914063
vt 0.656738 -0.913086
vt 0.856445 -0.850586
vt 0.957031 -0.850586
vt 0.957031 -0.912598
vt 0.006813 -0.157715
vt 0.033783 -0.233154
vt 0.033783 -0.157715
vt 0.006813 -0.233154
vt 0.006805 -0.148560
vt 0.033783 -0.154297
vt 0.033813 -0.148560
vt 0.006813 -0.154297
vt 0.004177 -0.296143
vt 0.031280 -0.304443
vt 0.031173 -0.296143
vt 0.004039 -0.304443
vt 0.006813 -0.256104
vt 0.033783 -0.289063
vt 0.033783 -0.256104
vt 0.006809 -0.289063
vt 0.006813 -0.236450
vt 0.033783 -0.252197
vt 0.033783 -0.236450
vt 0.006813 -0.252197
vt 0.214844 -0.670410
vt 0.210205 -0.663086
vt 0.210205 -0.668945
vt 0.239868 -0.663086
vt 0.239868 -0.621582
vt 0.201416 -0.663086
vt 0.210205 -0.621582
vt 0.201416 -0.621582
vt 0.214844 -0.614258
vt 0.210205 -0.615723
vt 0.777344 -0.224365
vt 0.784180 -0.218872
vt 0.777344 -0.218872
vt 0.784180 -0.224365
vt 0.784180 -0.217651
vt 0.777344 -0.215088
vt 0.777344 -0.217651
vt 0.784180 -0.214966
vt 0.178955 -0.600586
vt 0.971680 -0.597656
vt 0.182861 -0.597656
vt 0.970215 -0.600586
vt 0.784180 -0.158447
vt 0.776855 -0.198242
vt 0.784180 -0.198242
vt 0.776855 -0.158447
vt 0.729980 -0.168701
vt 0.737793 -0.171631
vt 0.737793 -0.153320
vt 0.731445 -0.171631
vt 0.181152 -0.608887
vt 0.972656 -0.603027
vt 0.181152 -0.603027
vt 0.972656 -0.608887
vt 0.182861 -0.595703
vt 0.977051 -0.581055
vt 0.204468 -0.581055
vt 0.971680 -0.595703
vt 1.124020 -0.142456
vt 1.116210 -0.146484
vt 1.116210 -0.135986
vt 1.106450 -0.081054
vt 1.103520 -0.106750
vt 1.103520 -0.081054
vt 1.103520 -0.135986
vt 0.088317 -0.925781
vt 0.091247 -0.851074
vt 0.088317 -0.854980
vt 0.091247 -0.929688
vt 0.170044 -0.949219
vt 0.170044 -0.913086
vt 0.170044 -0.868652
vt 0.170044 -0.832520
vt 0.146973 -0.877441
vt 0.101807 -0.877441
vt 0.101807 -0.903809
vt 0.146973 -0.903809
vt 1.135740 -0.309326
vt 1.156250 -0.312012
vt 1.135740 -0.312012
vt 1.156250 -0.309326
vt 1.156250 -0.375977
vt 1.135740 -0.375977
vt 1.133790 -0.211304
vt 1.105470 -0.205811
vt 1.133790 -0.182007
vt 1.056640 -0.205811
vt 1.056640 -0.211304
vt 0.702637 -0.305664
vt 0.714355 -0.238770
vt 0.702637 -0.238770
vt 0.768066 -0.238770
vt 0.779785 -0.305664
vt 0.779785 -0.238770
vt 0.768066 -0.305664
vt 0.714355 -0.305664
vt 0.702637 -0.334473
vt 0.714355 -0.339844
vt 0.768066 -0.339600
vt 0.779785 -0.334229
vt 1.993160 -0.613281
vt 1.246090 -0.623535
vt 1.246090 -0.613281
vt 1.983400 -0.623535
vt 1.993160 -0.618164
vt 1.160160 -0.756836
vt 1.182620 -0.794434
vt 1.160160 -0.794434
vt 1.182620 -0.756836
vt 1.295900 -0.754395
vt 1.187500 -0.776367
vt 1.187500 -0.754395
vt 1.295900 -0.776367
vt 1.269530 -0.828613
vt 1.369140 -0.897461
vt 1.269530 -0.897461
vt 1.369140 -0.828613
vt 1.173830 -0.599121
vt 1.161130 -0.595215
vt 1.170900 -0.594727
vt 1.161130 -0.599121
vt 1.187500 -0.656250
vt 1.161130 -0.624512
vt 1.196290 -0.656250
vt 0.776855 -0.208618
vt 0.776855 -0.213745
vt 0.784180 -0.213623
vt 0.784180 -0.199585
vt 0.776855 -0.199585
vt 1.187500 -0.709961
vt 1.295900 -0.747559
vt 1.187500 -0.747559
vt 1.295900 -0.709961
vt 0.250732 -0.952148
vt 0.288086 -0.994141
vt 0.288086 -0.962402
vt 0.250732 -0.994141
vt 0.213257 -0.988770
vt 0.086486 -0.988770
vt 0.086364 -0.952148
vt 0.213257 -0.994141
vt 1.379880 -0.783203
vt 1.417970 -0.796875
vt 1.379880 -0.796875
vt 1.453130 -0.783203
vt 1.235350 -0.797363
vt 1.365230 -0.783691
vt 1.365230 -0.797363
vt 1.235350 -0.783691
vt 1.369140 -0.797363
vt 1.375000 -0.783691
vt 1.375000 -0.797363
vt 1.369140 -0.783691
vt 1.169920 -0.507813
vt 1.279300 -0.501465
vt 1.279300 -0.507813
vt 1.169920 -0.501465
vt 1.036130 -0.157715
vt 1.051760 -0.233154
vt 1.036130 -0.233154
vt 1.051760 -0.200317
vt 1.060550 -0.200317
vt 1.041990 -0.157715
vt 1.100590 -0.312744
vt 1.109380 -0.332764
vt 1.100590 -0.332764
vt 1.104490 -0.312744
vt 1.109380 -0.312744
vt 1.224610 -0.139038
vt 1.235350 -0.110413
vt 1.235350 -0.139038
vt 1.224610 -0.110413
vt 1.395510 -0.983398
vt 1.405270 -0.993652
vt 1.395510 -0.991699
vt 1.405270 -0.983398
vt 1.296880 -0.979980
vt 1.305660 -0.968262
vt 1.305660 -0.979980
vt 1.296880 -0.966309
vt 1.306640 -0.959473
vt 1.389650 -0.959473
vt 1.384770 -0.968262
vt 1.400390 -0.973633
vt 1.437500 -0.973633
vt 1.429690 -0.983398
vt 1.437500 -0.989746
vt 1.429690 -0.989746
vt 1.125980 -0.657715
vt 1.123050 -0.620605
vt 1.125980 -0.620605
vt 1.121090 -0.657715
vt 1.120120 -0.645508
vt 1.088870 -0.568359
vt 1.123050 -0.553223
vt 1.088870 -0.552734
vt 1.153320 -0.536133
vt 1.147460 -0.520020
vt 1.185550 -0.523926
vt 1.185550 -0.520020
vt 1.149410 -0.510742
vt 1.208010 -0.536133
vt 1.142580 -0.515137
vt 1.941410 -0.510742
vt 1.933590 -0.520020
vt 1.941410 -0.520020
vt 1.961910 -0.522949
vt 1.961910 -0.531738
vt 1.954100 -0.534668
vt 1.990230 -0.531738
vt 1.994140 -0.534668
vt 1.990230 -0.522949
vt 1.994140 -0.510742
vt 1.987300 -0.510742
vt 1.987300 -0.506348
vt 1.966800 -0.506348
vt 1.966800 -0.496094
vt 1.948240 -0.496094
vt 1.146480 -0.609863
vt 1.125000 -0.609863
vt 1.149410 -0.604980
vt 1.158200 -0.604980
vt 1.158200 -0.645996
vt 1.153320 -0.646484
vt 1.146480 -0.646484
vt 1.158200 -0.541992
vt 1.149410 -0.541992
vt 1.707030 -0.171997
vt 1.650390 -0.175781
vt 1.650390 -0.172241
vt 1.678710 -0.175659
vt 1.678710 -0.185425
vt 1.707030 -0.194092
vt 1.650390 -0.193848
vt 1.650390 -0.185547
vt 1.678710 -0.201660
vt 1.707030 -0.196655
vt 1.707030 -0.201660
vt 1.650390 -0.196655
vt 1.650390 -0.214966
vt 1.678710 -0.209106
vt 1.707030 -0.214966
vt 1.707030 -0.209106
vt 1.641600 -0.239258
vt 1.696290 -0.239258
vt 1.696290 -0.305176
vt 1.641600 -0.328125
vt 1.681640 -0.328125
vt 1.078130 -0.830078
vt 1.048830 -0.843750
vt 1.048830 -0.830078
vt 1.078130 -0.843750
vt 1.078130 -0.855957
vt 1.048830 -0.855957
vt 1.078130 -0.937988
vt 1.048830 -0.937988
vt 1.078130 -0.955566
vt 1.048830 -0.955566
vt 1.078130 -0.993164
vt 1.048830 -0.993164
vt 1.743160 -0.203125
vt 1.714840 -0.178345
vt 1.743160 -0.178345
vt 1.714840 -0.203125
vt 1.340820 -0.138550
vt 1.346680 -0.109985
vt 1.346680 -0.138550
vt 1.340820 -0.109985
vt 1.177730 -0.163696
vt 1.148440 -0.153687
vt 1.177730 -0.153687
vt 1.148440 -0.163696
vt 1.264650 -0.246826
vt 1.293950 -0.262695
vt 1.264650 -0.262695
vt 1.293950 -0.246826
vt 1.258790 -0.258057
vt 1.230470 -0.179810
vt 1.258790 -0.179810
vt 1.230470 -0.258057
vt 1.230470 -0.276855
vt 1.258790 -0.276855
vt 1.258790 -0.284912
vt 1.230470 -0.284912
vt 1.160160 -0.209961
vt 1.140630 -0.184326
vt 1.160160 -0.184326
vt 1.140630 -0.209961
vt 1.202150 -0.677246
vt 1.187500 -0.704102
vt 1.183590 -0.704102
vt 1.295900 -0.677246
vt 1.295900 -0.704102
vt 1.625000 -0.836426
vt 1.879880 -0.914063
vt 1.656250 -0.913086
vt 1.856450 -0.850586
vt 1.957030 -0.850586
vt 1.977540 -0.836426
vt 1.957030 -0.912598
vt 1.977540 -0.912598
vt 1.288090 -0.802734
vt 1.181640 -0.821777
vt 1.181640 -0.802734
vt 1.420900 -0.821777
vt 1.421880 -0.802734
vt 1.458010 -0.836426
vt 1.445310 -0.802734
vt 1.458980 -0.802734
vt 1.977540 -0.802734
vt 1.990230 -0.836426
vt 1.990230 -0.906738
vt 1.990230 -0.803223
vt 1.644530 -0.507324
vt 1.656250 -0.490723
vt 1.656250 -0.507324
vt 1.106450 -0.140869
vt 1.112300 -0.145630
vt 1.106450 -0.145630
vt 1.113280 -0.143311
vt 1.111330 -0.138672
vt 1.643550 -0.403320
vt 1.655270 -0.403320
vt 1.655270 -0.419922
vt 1.777340 -0.224365
vt 1.784180 -0.218872
vt 1.784180 -0.224365
vt 1.777340 -0.218872
vt 1.784180 -0.217651
vt 1.777340 -0.215088
vt 1.784180 -0.214966
vt 1.777340 -0.217651
vt 1.784180 -0.199585
vt 1.776370 -0.208618
vt 1.776370 -0.199585
vt 1.784180 -0.213623
vt 1.776370 -0.213745
vt 1.695310 -0.417236
vt 1.742190 -0.402100
vt 1.742190 -0.417236
vt 1.695310 -0.402100
vt 1.826170 -0.388184
vt 1.738280 -0.351074
vt 1.738280 -0.376221
vt 1.875000 -0.351074
vt 1.862300 -0.376221
vt 1.875000 -0.376221
vt 1.743160 -0.419678
vt 1.660160 -0.422852
vt 1.694340 -0.419678
vt 1.660160 -0.399902
vt 1.694340 -0.399902
vt 1.660160 -0.485596
vt 1.777340 -0.503906
vt 1.660160 -0.503906
vt 1.777340 -0.485596
vt 1.777340 -0.422852
vt 1.743160 -0.399902
vt 1.777340 -0.400146
vt 1.958010 -0.314941
vt 1.838870 -0.327393
vt 1.838870 -0.314941
vt 1.958010 -0.327393
vt 1.522460 -0.368896
vt 1.650390 -0.379639
vt 1.513670 -0.379639
vt 1.641600 -0.368896
vt 1.560550 -0.396240
vt 1.423830 -0.382080
vt 1.560550 -0.382080
vt 1.423830 -0.396240
vt 1.799800 -0.494629
vt 1.785160 -0.422607
vt 1.798830 -0.403320
vt 1.785160 -0.488770
vt 1.793950 -0.505859
vt 0.656738 -0.507324
vt 0.656738 -0.490723
vt 0.644531 -0.507324
vt 0.909668 -0.505371
vt 0.936035 -0.493164
vt 0.909668 -0.493164
vt 0.936035 -0.505371
vt 0.524414 -0.421143
vt 0.563477 -0.401855
vt 0.538574 -0.401855
vt 0.611816 -0.387451
vt 0.563477 -0.387451
vt 0.611816 -0.401855
vt 0.650879 -0.487305
vt 0.650879 -0.421143
vt 0.636719 -0.401855
vt 0.008651 -0.309570
vt 0.045929 -0.319580
vt 0.035095 -0.309570
vt 0.001091 -0.319336
vt 0.023407 -0.362061
vt 0.045929 -0.362061
vt 0.993164 -0.489502
vt 0.869629 -0.380615
vt 0.869629 -0.489502
vt 0.993164 -0.380615
vt 0.141968 -0.306152
vt 0.110291 -0.259277
vt 0.110291 -0.306396
vt 0.141968 -0.259277
vt 0.151001 -0.259277
vt 0.151001 -0.300537
vt 0.151001 -0.244873
vt 0.141968 -0.244873
vt 0.110291 -0.244873
vt 0.100891 -0.244873
vt 0.100891 -0.259277
vt 0.100891 -0.300781
vt 0.410889 -0.406006
vt 0.355713 -0.418945
vt 0.410889 -0.418945
vt 0.355713 -0.406006
vt 0.333496 -0.418945
vt 0.333496 -0.406006
vt 0.410156 -0.422363
vt 0.315918 -0.422363
vt 0.394287 -0.439209
vt 0.385010 -0.489014
vt 0.389160 -0.497314
vt 0.394287 -0.497314
vt 0.315918 -0.489014
vt 1.393550 -0.439209
vt 1.315430 -0.422363
vt 1.410160 -0.422363
vt 1.384770 -0.489014
vt 1.315430 -0.489014
vt 1.393550 -0.497314
vt 1.388670 -0.497314
vt 1.581050 -0.104980
vt 1.592770 -0.086486
vt 1.592770 -0.104919
vt 1.581050 -0.086792
vt 1.592770 -0.001421
vt 1.581050 -0.001421
vt 0.643066 -0.003065
vt 0.643066 -0.012664
vt 0.660645 -0.003065
vt 0.596680 -0.003065
vt 0.613770 -0.012664
vt 0.613770 -0.003065
vt 0.613770 -0.088806
vt 0.643066 -0.088806
vt 0.660645 -0.088134
vt 0.643066 -0.103760
vt 0.650391 -0.103760
vt 0.596680 -0.088134
vt 0.613770 -0.103760
vt 0.606445 -0.103760
vt 0.345947 -0.038635
vt 0.480957 -0.009017
vt 0.345947 -0.009017
vt 0.480957 -0.038635
vt 0.503418 -0.009017
vt 0.503418 -0.038635
vt 0.334473 -0.045959
vt 0.345947 -0.045959
vt 0.334473 -0.001717
vt 0.345947 -0.001717
vt 0.548828 -0.238647
vt 0.530273 -0.232300
vt 0.530273 -0.241577
vt 0.567871 -0.253174
vt 0.568848 -0.237183
vt 0.547852 -0.254395
vt 0.530273 -0.257813
vt 0.595703 -0.360840
vt 0.617188 -0.254395
vt 0.597168 -0.253174
vt 0.568359 -0.360840
vt 0.548828 -0.360840
vt 0.530273 -0.360840
vt 0.615234 -0.360840
vt 0.634766 -0.257813
vt 0.634766 -0.241577
vt 0.634766 -0.360840
vt 0.596680 -0.218506
vt 0.615234 -0.185791
vt 0.595703 -0.185791
vt 0.617188 -0.219849
vt 0.634766 -0.185791
vt 0.634766 -0.222656
vt 0.615723 -0.229370
vt 0.634766 -0.232300
vt 0.616211 -0.238647
vt 0.567871 -0.218506
vt 0.549316 -0.229370
vt 0.568359 -0.228027
vt 0.596191 -0.228027
vt 0.596191 -0.237183
vt 0.547852 -0.219727
vt 0.530273 -0.222656
vt 0.530273 -0.185791
vt 0.548828 -0.185791
vt 0.568359 -0.185791
vt 0.425049 -0.187988
vt 0.401123 -0.139526
vt 0.401123 -0.187988
vt 0.401123 -0.280273
vt 0.425049 -0.280273
vt 0.443604 -0.187988
vt 0.401123 -0.331787
vt 0.443604 -0.280273
vt 0.425049 -0.331787
vt 0.425049 -0.345947
vt 0.401123 -0.345947
vt 0.401123 -0.372559
vt 0.425049 -0.372559
vt 0.443604 -0.345947
vt 0.443604 -0.372559
vt 0.467041 -0.372559
vt 0.443604 -0.331787
vt 0.467041 -0.187988
vt 0.443604 -0.142334
vt 0.467041 -0.280273
vt 0.467041 -0.331787
vt 0.467041 -0.345947
vt 0.485596 -0.345947
vt 0.485596 -0.187988
vt 0.467041 -0.142456
vt 0.485596 -0.145142
vt 0.485596 -0.372559
vt 0.509277 -0.345947
vt 0.509277 -0.280273
vt 0.509277 -0.187988
vt 0.509277 -0.139893
vt 0.485596 -0.132568
vt 0.509277 -0.121521
vt 0.485596 -0.117371
vt 0.509277 -0.372559
vt 0.467041 -0.130493
vt 0.467041 -0.116455
vt 0.467041 -0.101563
vt 0.485596 -0.101563
vt 0.509277 -0.101563
vt 0.443604 -0.101563
vt 0.401123 -0.121155
vt 0.425049 -0.101563
vt 0.401123 -0.101563
vt 0.425049 -0.117249
vt 0.443604 -0.116394
vt 0.443604 -0.130371
vt 0.425049 -0.144897
vt 0.425049 -0.132446
vt 0.409180 -0.074585
vt 0.510254 -0.054077
vt 0.406250 -0.054077
vt 0.511719 -0.061798
vt 0.522949 -0.054077
vt 0.523926 -0.060485
vt 0.536133 -0.054077
vt 0.536621 -0.059783
vt 0.563477 -0.054077
vt 0.563477 -0.059845
vt 0.576660 -0.060516
vt 0.576660 -0.054077
vt 0.347168 -0.075561
vt 0.337158 -0.054077
vt 0.337158 -0.075500
vt 0.347900 -0.054077
vt 0.361572 -0.076355
vt 0.361572 -0.054077
vt 0.384521 -0.076355
vt 0.382568 -0.054077
vt 0.396240 -0.054077
vt 0.398926 -0.075439
vt 0.384521 -0.304688
vt 0.384521 -0.195923
vt 0.345703 -0.304932
vt 0.264893 -0.196045
vt 0.264893 -0.209473
vt 0.305664 -0.251221
vt 0.298828 -0.262695
vt 0.288330 -0.277344
vt 0.327881 -0.339600
vt 0.261230 -0.319580
vt 0.327148 -0.350098
vt 0.324219 -0.359375
vt 0.315430 -0.374512
vt 0.207764 -0.393066
vt 0.285645 -0.472656
vt 0.178223 -0.433105
vt 0.173096 -0.445557
vt 0.171509 -0.472168
vt 0.301514 -0.503906
vt 0.309570 -0.483887
vt 0.111633 -0.059661
vt 0.103821 -0.021011
vt 0.103821 -0.077270
vt 0.124939 -0.050567
vt 0.158691 -0.050567
vt 0.179810 -0.020996
vt 0.172119 -0.059661
vt 0.179932 -0.077270
vt 1.022460 -0.362061
vt 1.045900 -0.319580
vt 1.045900 -0.362061
vt 1.000980 -0.319336
vt 1.007810 -0.309570
vt 1.034180 -0.309570
vt 1.930660 -0.066101
vt 1.731450 -0.148560
vt 1.731450 -0.066101
vt 1.930660 -0.148560
vt 1.839840 -0.187256
vt 1.997070 -0.240967
vt 1.839840 -0.240967
vt 1.997070 -0.187256
vt 1.839840 -0.152100
vt 1.997070 -0.183960
vt 1.839840 -0.183960
vt 1.997070 -0.152100
vt 1.930660 -0.004089
vt 1.731450 -0.062225
vt 1.731450 -0.004089
vt 1.930660 -0.062225
vt -7.777340 -0.224487
vt -7.562500 0.076416
vt -7.777340 0.076416
vt -7.562500 -0.224487
vt 0.992188 -0.085144
vt 0.997559 -0.004089
vt 0.992188 -0.009727
vt 0.997559 -0.090637
vt 0.840332 -0.152100
vt 0.997070 -0.183960
vt 0.997070 -0.152100
vt 0.840332 -0.183960
vt 0.979492 -0.022689
vt 0.949707 -0.072570
vt 0.979492 -0.072570
vt 0.949707 -0.022689
vt 0.995117 -0.004245
vt 0.939453 -0.009887
vt 0.989746 -0.009887
vt 0.934082 -0.004245
vt 0.931152 -0.066101
vt 0.731934 -0.148560
vt 0.931152 -0.148560
vt 0.731934 -0.066101
vt 0.937988 -0.085327
vt 0.933105 -0.004245
vt 0.933105 -0.090820
vt 0.937988 -0.009887
vt 0.840332 -0.187256
vt 0.997070 -0.240967
vt 0.997070 -0.187256
vt 0.840332 -0.240967
vt 0.988770 -0.084167
vt 0.948730 -0.074340
vt 0.940430 -0.084167
vt 0.980469 -0.074340
vt 0.988770 -0.011070
vt 0.980469 -0.021209
vt 0.948730 -0.021209
vt 0.940430 -0.011070
vt 0.170776 -0.415771
vt 0.170776 -0.409424
vt 0.164307 -0.415771
vt 0.170776 -0.437744
vt 0.166748 -0.437744
vt 0.164307 -0.501465
vt 0.166748 -0.479248
vt 0.170776 -0.479248
vt 0.170776 -0.501465
vt 0.170776 -0.507813
vt 0.279297 -0.501465
vt 0.279297 -0.507813
vt 0.696777 -0.305176
vt 0.696777 -0.239258
vt 0.642090 -0.239258
vt 0.642090 -0.328125
vt 0.682129 -0.328125
vt 0.995117 -0.090820
vt 0.939453 -0.085327
vt 0.934082 -0.090820
vt 0.989746 -0.085327
vt 0.931152 -0.004089
vt 0.731934 -0.062225
vt 0.931152 -0.062225
vt 0.731934 -0.004089
vt 0.430176 -0.399170
vt 0.421631 -0.411621
vt 0.430176 -0.411621
vt 0.421631 -0.399170
vt 0.437012 -0.398193
vt 0.431885 -0.411865
vt 0.437012 -0.411865
vt 0.431885 -0.398193
vt -10.367200 -0.846680
vt -9.679689 -0.746582
vt -10.367200 -0.746582
vt -9.679689 -0.846680
vt 0.313965 -0.506348
vt 0.383057 -0.492920
vt 0.313965 -0.492920
vt 0.383057 -0.506348
vt -9.296880 -0.056823
vt -9.195310 -0.542480
vt -9.195310 -0.056823
vt -9.296880 -0.542480
vt -9.601560 -1.042970
vt -9.375000 -1.343750
vt -9.375000 -1.042970
vt -9.601560 -1.343750
vt -9.609380 -1.041020
vt -10.164100 -1.145510
vt -9.609380 -1.145510
vt -10.164100 -1.041020
vt -10.210899 -0.980957
vt -10.164100 -0.980957
vt -10.210899 -1.206050
vt -10.164100 -1.206050
vt 0.727051 -0.089172
vt 0.697266 -0.003755
vt 0.697266 -0.089172
vt 0.727051 -0.003755
vt 0.596680 -0.106628
vt 0.650391 -0.121887
vt 0.660645 -0.106628
vt 0.606445 -0.121887
vt 0.581543 -0.086792
vt 0.592773 -0.001421
vt 0.581543 -0.001421
vt 0.592773 -0.086486
vt 0.581543 -0.104980
vt 0.592773 -0.104919
vt 1.996090 -0.245850
vt 1.838870 -0.255371
vt 1.838870 -0.245850
vt 1.979490 -0.255127
vt 1.996090 -0.331299
vt 1.979490 -0.320557
vt 1.973630 -0.346436
vt 1.963870 -0.331543
vt 1.838870 -0.331543
vt 1.838870 -0.346436
vt 1.987300 -0.788574
vt 1.998050 -0.783691
vt 1.987300 -0.792480
vt 1.469730 -0.792480
vt 1.456050 -0.788574
vt 0.383301 -0.104736
vt 0.380859 -0.086059
vt 0.364990 -0.098693
vt 0.378174 -0.118408
vt 0.358154 -0.117126
vt 0.358398 -0.142456
vt 0.378418 -0.140747
vt 0.365479 -0.160767
vt 0.384033 -0.154419
vt 0.381836 -0.173096
vt 0.392090 -0.161255
vt 0.545410 -0.147339
vt 0.517090 -0.156250
vt 0.527832 -0.173462
vt 0.523438 -0.144287
vt 0.523926 -0.115112
vt 0.545410 -0.112122
vt 0.517090 -0.102905
vt 0.528320 -0.085876
vt 0.504883 -0.097534
vt 0.391357 -0.097717
vt 0.995605 -0.579590
vt 0.995605 -0.567383
vt 0.977051 -0.579590
vt 0.204468 -0.579590
vt 0.918457 -0.567383
vt 0.918457 -0.551270
vt 0.204468 -0.538086
vt 0.995605 -0.551270
vt 0.977051 -0.538086
vt 0.995605 -0.538086
vt 1.301760 -0.738770
vt 1.456050 -0.780273
vt 1.301760 -0.780273
vt 1.301760 -0.674316
vt 1.983400 -0.674316
vt 1.983400 -0.780273
vt 1.994140 -0.780273
vt 1.994140 -0.674316
vt 1.983400 -0.632324
vt 1.995120 -0.632324
vt 1.251950 -0.632324
vt 1.251950 -0.637695
vt 0.513672 -0.331787
vt 0.522949 -0.368896
vt 0.522949 -0.342529
vt 0.513672 -0.379639
vt 0.650391 -0.379639
vt 0.642090 -0.368896
vt 0.650391 -0.331787
vt 0.642090 -0.342529
vt 0.713867 -0.206787
vt 0.770996 -0.219116
vt 0.770996 -0.206787
vt 0.713867 -0.219116
vt 0.311035 -0.096191
vt 0.332764 -0.153198
vt 0.332764 -0.096191
vt 0.311035 -0.153198
vt 0.222168 -0.113525
vt 0.222168 -0.135376
vt 0.679199 -0.209106
vt 0.707520 -0.214966
vt 0.707520 -0.209106
vt 0.650391 -0.214966
vt 0.679199 -0.201660
vt 0.650391 -0.196655
vt 0.707520 -0.196655
vt 0.707520 -0.201660
vt 0.833008 -0.488281
vt 0.805664 -0.396973
vt 0.805664 -0.488281
vt 0.833008 -0.429932
vt 0.818848 -0.396973
vt 0.743652 -0.203125
vt 0.714844 -0.178345
vt 0.714844 -0.203125
vt 0.743652 -0.178345
vt 0.340820 -0.138550
vt 0.346680 -0.109985
vt 0.340820 -0.109985
vt 0.346680 -0.138550
vt 0.177734 -0.163696
vt 0.149048 -0.153687
vt 0.149048 -0.163696
vt 0.177734 -0.153687
vt 0.265381 -0.246826
vt 0.293945 -0.262695
vt 0.293945 -0.246826
vt 0.265381 -0.262695
vt 1.090820 -0.684570
vt 1.020510 -0.716309
vt 1.054690 -0.682129
vt 1.033200 -0.743652
vt 1.004880 -0.743164
vt 1.033200 -0.800293
vt 1.004880 -0.804199
vt 1.371090 -0.526855
vt 1.213870 -0.533203
vt 1.213870 -0.526855
vt 1.348630 -0.533203
vt 1.004880 -0.478027
vt 1.024410 -0.442383
vt 1.029300 -0.473389
vt 1.001950 -0.411377
vt 1.029300 -0.416504
vt 1.193360 -0.659180
vt 1.093750 -0.687988
vt 1.093750 -0.659180
vt 1.193360 -0.687988
vt 1.969730 -0.600586
vt 1.729490 -0.168701
vt 1.737300 -0.171631
vt 1.731450 -0.171631
vt 1.737300 -0.153320
vt 1.180660 -0.608887
vt 1.972660 -0.603027
vt 1.972660 -0.608887
vt 1.180660 -0.603027
vt 1.182620 -0.595703
vt 1.976560 -0.581055
vt 1.971680 -0.595703
vt 1.204100 -0.581055
vt 0.695801 -0.417236
vt 0.742676 -0.402100
vt 0.695801 -0.402100
vt 0.742676 -0.417236
vt 0.774902 -0.388184
vt 0.826172 -0.376221
vt 0.774902 -0.376221
vt 0.826172 -0.388184
vt 0.875488 -0.351074
vt 0.862305 -0.376221
vt 0.875488 -0.376221
vt 0.738770 -0.351074
vt 0.738770 -0.376221
vt 0.413330 -0.413574
vt 0.413574 -0.446533
vt 0.438721 -0.413574
vt 0.486572 -0.413574
vt 0.438721 -0.399170
vt 0.486572 -0.399170
vt 0.511719 -0.504883
vt 0.413574 -0.504883
vt 0.511719 -0.446533
vt 0.511719 -0.413574
vt 0.660156 -0.399902
vt 0.694824 -0.419678
vt 0.694824 -0.399902
vt 0.660156 -0.422852
vt 0.743652 -0.419678
vt 0.743652 -0.399902
vt 0.777832 -0.422852
vt 0.777832 -0.400146
vt 0.777832 -0.485596
vt 0.660156 -0.485596
vt 0.777832 -0.503906
vt 0.660156 -0.503906
vt 0.996582 -0.350830
vt 0.877441 -0.377197
vt 0.996582 -0.377197
vt 0.877441 -0.350830
vt 0.958496 -0.314941
vt 0.839355 -0.327393
vt 0.958496 -0.327393
vt 0.839355 -0.314941
vt 0.996582 -0.503906
vt 0.970215 -0.491699
vt 0.970215 -0.503906
vt 0.996582 -0.491699
vt 0.561035 -0.396240
vt 0.424072 -0.382080
vt 0.424072 -0.396240
vt 0.561035 -0.382080
vt 0.836914 -0.489258
vt 0.864258 -0.390869
vt 0.836914 -0.390869
vt 0.864258 -0.489258
vt 0.977051 -0.287842
vt 0.835938 -0.258301
vt 0.835938 -0.287842
vt 0.977051 -0.258301
vt 0.697754 -0.158936
vt 0.727539 -0.093444
vt 0.697754 -0.093444
vt 0.727539 -0.158936
vt -7.617190 0.158447
vt -7.468750 -0.064636
vt -7.468750 0.158447
vt -7.617190 -0.064636
vt 0.100464 -0.138428
vt 0.002305 -0.002725
vt 0.002305 -0.138428
vt 0.100464 -0.002725
vt 1.117190 -0.479736
vt 1.088870 -0.504395
vt 1.088870 -0.479736
vt 1.101560 -0.540527
vt 1.078130 -0.531738
vt 1.833010 -0.429932
vt 1.805660 -0.396973
vt 1.818360 -0.396973
vt 1.833010 -0.488281
vt 1.805660 -0.488281
vt 0.663574 -0.018493
vt 0.693359 -0.002807
vt 0.663574 -0.002807
vt 0.693359 -0.018493
vt 0.663574 -0.143555
vt 0.693359 -0.143555
vt 0.875977 -0.992188
vt 0.876465 -0.920410
vt 0.657227 -0.920410
vt 0.875488 -0.915527
vt 0.655762 -0.915527
vt 0.078369 -0.993164
vt 0.049713 -0.955566
vt 0.049713 -0.993164
vt 0.078369 -0.955566
vt 0.049713 -0.937988
vt 0.078369 -0.937988
vt 0.049713 -0.855957
vt 0.078369 -0.855957
vt 0.049713 -0.843750
vt 0.078369 -0.843750
vt 0.078369 -0.830078
vt 0.049713 -0.830078
vt 0.036804 -0.157715
vt 0.060821 -0.200317
vt 0.042633 -0.157715
vt 0.052520 -0.200317
vt 0.052520 -0.233154
vt 0.036804 -0.233154
vt 0.785645 -0.422607
vt 0.799805 -0.494629
vt 0.799316 -0.403320
vt 0.785645 -0.488770
vt 0.794434 -0.505859
vt 0.903320 -0.505859
vt 0.897949 -0.494629
vt 0.974121 -0.346436
vt 0.838867 -0.331543
vt 0.838867 -0.346436
vt 0.963867 -0.331543
vt 0.979980 -0.320557
vt 0.996582 -0.331299
vt 0.979980 -0.255127
vt 0.996582 -0.245850
vt 0.838867 -0.255371
vt 0.838867 -0.245850
vt 0.978027 -0.920898
vt 0.958008 -0.987305
vt 0.978027 -0.987305
vt 0.958008 -0.992188
vt 0.978027 -0.991699
vt 0.990723 -0.987305
vt 0.989258 -0.983398
vt 0.989746 -0.979004
vt 0.989746 -0.929199
vt 0.989258 -0.924805
vt 0.990723 -0.920898
vt 0.978027 -0.916504
vt 0.958008 -0.916016
vt 0.958008 -0.920898
vt -9.414060 0.430664
vt -9.328130 0.410645
vt -9.343750 0.430664
vt -9.429689 0.410645
vt -9.429689 0.322510
vt -9.328130 0.322510
vt -9.414060 0.302490
vt -9.343750 0.302490
vt 0.038147 -0.252197
vt 0.047790 -0.238403
vt 0.038147 -0.238403
vt 0.047790 -0.252197
vt 0.083068 -0.252197
vt 0.083068 -0.238403
vt 0.092651 -0.252197
vt 0.092651 -0.238403
vt 0.038147 -0.304443
vt 0.047790 -0.308594
vt 0.083068 -0.309082
vt 0.092651 -0.304932
vt 0.072937 -0.361084
vt 0.049621 -0.352539
vt 0.052063 -0.361084
vt 0.078613 -0.352539
vt 0.078613 -0.321777
vt 0.049621 -0.321777
vt 0.072937 -0.313232
vt 0.052063 -0.313232
vt 0.650879 -0.128418
vt 0.635742 -0.154297
vt 0.650879 -0.162476
vt 0.618164 -0.150146
vt 0.556152 -0.128418
vt 0.587402 -0.150024
vt 0.569824 -0.153931
vt 0.556152 -0.161987
vt 0.070434 -0.623047
vt 0.013443 -0.599121
vt 0.013443 -0.623047
vt 0.068176 -0.599121
vt 0.076416 -0.607422
vt 0.070434 -0.645020
vt 0.076416 -0.660156
vt 0.068176 -0.668457
vt 0.013443 -0.668457
vt 0.013443 -0.645020
vt 0.259277 -0.284912
vt 0.230713 -0.276855
vt 0.230713 -0.284912
vt 0.259277 -0.276855
vt 0.259277 -0.258057
vt 0.230713 -0.258057
vt 0.230713 -0.179810
vt 0.259277 -0.179810
vt 1.152340 -0.735840
vt 1.062500 -0.760742
vt 1.052730 -0.735840
vt 1.152340 -0.760742
vt 1.073240 -0.790527
vt 1.152340 -0.790527
vt 0.784180 -0.244263
vt 0.829102 -0.256104
vt 0.824219 -0.244263
vt 0.784180 -0.256104
vt 0.784180 -0.308350
vt 0.829102 -0.308350
vt 0.784180 -0.320313
vt 0.824219 -0.320313
vt 0.087585 -0.821777
vt 0.078552 -0.802734
vt 0.078613 -0.821777
vt 0.087524 -0.802734
vt 0.172852 -0.821777
vt 0.172852 -0.802734
vt 0.181763 -0.802734
vt 0.181885 -0.821777
vt 0.288818 -0.802734
vt 0.421631 -0.821777
vt 0.652344 -0.353271
vt 0.652344 -0.381592
vt 0.660156 -0.378174
vt 0.677246 -0.396973
vt 0.678711 -0.388916
vt 0.711426 -0.396973
vt 0.710449 -0.388672
vt 0.729004 -0.377930
vt 0.736328 -0.381348
vt 0.736328 -0.353027
vt 0.186157 -0.049987
vt 0.191406 -0.013267
vt 0.186157 -0.027145
vt 0.191406 -0.063842
vt 0.199463 -0.006179
vt 0.199463 -0.070983
vt 0.312256 -0.006179
vt 0.312256 -0.070983
vt 0.324463 -0.011688
vt 0.324463 -0.065429
vt 0.331299 -0.023864
vt 0.331299 -0.053283
vt 0.328369 -0.405518
vt 0.359619 -0.381348
vt 0.328613 -0.381104
vt 0.360107 -0.403564
vt 0.395752 -0.402832
vt 0.395264 -0.381104
vt 0.422119 -0.397705
vt 0.421875 -0.375244
vn 1.000000 0.000000 0.000000
vn 0.000000 -1.000000 0.000000
vn 0.393800 0.544100 0.740900
vn 0.000000 1.000000 0.000000
vn -1.000000 -0.000000 0.000000
vn -0.477300 0.308800 0.822700
vn 0.000000 -0.511400 -0.859300
vn 0.000000 -0.816900 -0.576800
vn 0.414600 -0.002000 -0.910000
vn 0.413800 -0.000000 -0.910400
vn 0.000000 -0.000000 -1.000000
vn -0.245800 -0.969300 0.002100
vn -0.233600 -0.972000 0.027000
vn -0.236000 -0.971800 -0.000800
vn -0.000200 -1.000000 -0.000000
vn -0.000000 -1.000000 0.000200
vn 0.000000 -1.000000 -0.000200
vn -0.000000 -0.000000 1.000000
vn -1.000000 0.001300 0.000400
vn -1.000000 -0.000800 -0.001200
vn 0.000000 -0.895800 0.444400
vn -0.000200 -0.895500 0.445000
vn -0.000000 -0.895700 0.444600
vn -0.000000 0.279500 0.960100
vn -0.774700 -0.632400 0.000100
vn -0.773900 -0.633300 -0.001400
vn -0.773300 -0.634100 0.000000
vn -0.774600 -0.632400 0.003300
vn -0.773900 -0.633300 -0.000100
vn 1.000000 0.000200 0.000000
vn 1.000000 -0.000300 -0.000500
vn 1.000000 -0.000500 0.000000
vn 1.000000 -0.000300 0.000500
vn -0.664000 -0.747800 -0.000000
vn -0.000200 1.000000 -0.000400
vn -0.000000 1.000000 -0.000200
vn -0.000000 1.000000 -0.000300
vn 0.000100 -0.985600 0.169200
vn 0.000000 -0.985600 0.169300
vn -0.631900 0.775000 -0.000000
vn -0.000300 1.000000 -0.000000
vn 0.000000 0.000100 1.000000
vn -0.502000 0.864900 0.000000
vn -0.924700 -0.380600 0.000000
vn -0.989900 -0.142000 0.000000
vn -0.513000 -0.858400 -0.000000
vn -0.512900 -0.858500 -0.000400
vn -0.361200 -0.932500 -0.000000
vn -0.817300 -0.000000 0.576300
vn -0.475500 0.813300 0.335300
vn 0.000000 0.827300 0.561800
vn 0.000100 0.827400 0.561600
vn -0.003400 0.588000 0.808900
vn -0.000000 0.591300 0.806500
vn -0.000000 0.591200 0.806500
vn 0.391400 0.544100 0.742200
vn 0.466500 0.001600 0.884500
vn 0.453200 -0.000000 0.891400
vn -0.000000 -0.366800 0.930300
vn 0.000000 -0.187400 0.982300
vn -0.002100 -0.194000 0.981000
vn -0.000000 -0.198300 0.980100
vn 0.000000 -0.198600 0.980100
vn 0.929400 0.369100 0.000000
vn 0.929400 0.369000 0.000000
vn 0.929400 0.368900 0.000000
vn 0.929500 0.368900 -0.000100
vn 0.929600 0.368600 0.000000
vn 0.672100 0.001300 0.740400
vn -0.286300 0.002900 0.958100
vn -0.293300 0.000000 0.956000
vn 0.669700 0.000000 0.742600
vn 0.657100 -0.193000 0.728700
vn 0.586300 -0.191900 0.787000
vn 0.000000 -0.256000 0.966700
vn -0.000100 -0.256300 0.966600
vn 0.000000 -0.254600 0.967000
vn 0.001100 -0.256300 0.966600
vn -0.510300 0.860000 -0.000000
vn -0.511400 0.859300 0.000800
vn -0.511400 0.859300 -0.000000
vn -0.511400 0.859300 -0.000800
vn 0.000000 -0.511500 0.859300
vn 0.000100 -0.511300 0.859400
vn 0.000000 -0.511400 0.859300
vn 0.000000 -0.511400 0.859400
vn 0.920500 -0.390300 -0.019600
vn 0.898000 -0.440000 -0.000000
vn -0.000000 0.488300 0.872700
vn -0.000000 0.488200 0.872700
vn -0.923700 -0.383000 -0.000000
vn -0.923800 -0.383000 -0.000000
vn -0.920000 -0.391800 0.000000
vn -0.920300 -0.391300 -0.002600
vn -0.919700 -0.392500 0.000300
vn -0.920000 -0.391900 -0.000000
vn -0.919700 -0.392500 -0.000300
vn -0.920300 -0.391300 0.002600
vn -0.920700 -0.390400 -0.000000
vn -0.000000 0.279500 -0.960100
vn 0.710100 0.000000 0.704100
vn 0.710100 -0.000000 -0.704100
vn 0.629300 -0.403400 0.664300
vn 0.604400 -0.359800 0.710800
vn 0.859200 -0.511600 -0.000000
vn 0.604400 -0.359800 -0.710800
vn 0.629300 -0.403400 -0.664300
vn -0.000000 1.000000 0.000300
vn -0.000000 1.000000 0.000200
vn -0.000200 1.000000 0.000400
vn -0.512900 -0.858500 0.000400
vn -0.000000 0.488400 0.872600
vn -0.000100 0.488300 0.872700
vn -0.016300 -0.006000 -0.999800
vn -0.001000 0.002600 -1.000000
vn 0.000000 -0.895700 -0.444600
vn -0.000200 -0.895500 -0.445000
vn 0.000000 -0.895800 -0.444400
vn 0.000000 0.000100 -1.000000
vn -0.000000 -0.198600 -0.980100
vn -0.000000 -0.198300 -0.980100
vn -0.002100 -0.194000 -0.981000
vn 0.000000 -0.187400 -0.982300
vn 0.000000 0.589100 -0.808100
vn -0.000000 -0.799600 -0.600600
vn -0.000000 1.000000 0.000100
vn 0.000000 0.810600 0.585600
vn 0.000100 -0.985600 -0.169200
vn 0.000000 -0.985600 -0.169300
vn 0.000000 -0.256000 -0.966700
vn -0.000100 -0.256300 -0.966600
vn 0.000000 -0.254600 -0.967000
vn 0.001100 -0.256300 -0.966600
vn -0.288900 -0.000000 -0.957400
vn -0.286300 0.002900 -0.958100
vn -0.293300 0.000000 -0.956000
vn 0.669700 -0.000000 -0.742700
vn 0.657100 -0.193000 -0.728700
vn 0.586300 -0.191900 -0.787000
vn 0.672100 0.001300 -0.740500
vn -1.000000 -0.000800 0.001200
vn -1.000000 0.001300 -0.000400
vn 0.000100 -0.511300 -0.859400
vn -0.000000 -0.511500 -0.859300
vn -0.000000 0.488300 -0.872700
vn -0.000100 0.488300 -0.872700
vn -0.000000 0.488400 -0.872600
vn -0.000000 0.581400 -0.813600
vn -0.000100 0.581800 -0.813300
vn -0.000100 0.581800 -0.813400
vn 0.000000 -0.447600 -0.894200
vn 0.000000 0.581600 -0.813500
vn -0.000100 0.581400 -0.813600
vn 0.776500 0.000000 -0.630100
vn 0.584700 0.658100 -0.474400
vn 0.664200 0.747600 0.000000
vn 0.584700 0.658100 0.474400
vn 0.776500 -0.000000 0.630100
vn 0.727200 -0.686500 -0.000000
vn -0.000000 -0.532000 -0.846800
vn 0.015300 -0.539800 -0.841600
vn 0.557000 -0.830500 0.000000
vn 0.530700 -0.161600 0.832000
vn 0.809800 -0.485100 0.330100
vn 0.809800 -0.485000 0.330100
vn 0.510000 -0.305500 0.804100
vn 0.914300 -0.158600 -0.372700
vn 0.985300 -0.171000 -0.000000
vn 0.914300 -0.158600 0.372700
vn 0.852500 -0.168900 0.494700
vn 0.533000 -0.098700 0.840300
vn 0.285100 -0.086300 0.954600
vn 0.852500 -0.168900 -0.494700
vn 0.533000 -0.098700 -0.840300
vn 0.510000 -0.305500 -0.804100
vn 0.285100 -0.086300 -0.954600
vn 0.838200 -0.425000 -0.341700
vn 0.536900 -0.272200 -0.798500
vn 0.531400 -0.272300 -0.802200
vn 0.552200 -0.007900 -0.833600
vn 0.540800 -0.027900 -0.840700
vn 0.533900 -0.162600 -0.829800
vn 0.531300 -0.155300 -0.832800
vn 0.809800 -0.485000 -0.330100
vn 0.925900 -0.013200 0.377400
vn 0.999900 -0.014300 -0.000000
vn 0.925900 -0.013200 -0.377400
vn 0.893800 -0.261400 -0.364400
vn 0.894000 -0.254500 -0.368700
vn 0.809800 -0.485100 -0.330100
vn 0.857900 -0.513900 -0.000000
vn 0.895400 -0.254900 0.365000
vn 0.961800 -0.273800 -0.000000
vn 0.892500 -0.261000 0.367900
vn 0.534400 -0.156300 0.830600
vn 0.541000 -0.007700 0.841000
vn 0.552000 -0.028400 0.833300
vn 0.531400 -0.272300 0.802200
vn 0.536900 -0.272200 0.798500
vn 0.838200 -0.425000 0.341700
vn 0.891900 -0.452200 -0.000000
vn -0.491000 0.316600 -0.811600
vn -0.471100 0.343000 -0.812600
vn -0.707600 0.577800 -0.406700
vn -0.405100 0.317700 -0.857300
vn -0.413200 0.305300 -0.858000
vn -0.704700 0.576900 -0.412900
vn -0.777300 0.465800 -0.422900
vn -0.477300 0.308800 -0.822700
vn -0.524100 0.182600 -0.831900
vn -0.530900 0.217800 -0.819000
vn -0.579700 0.033000 -0.814200
vn -0.625300 0.000000 -0.780400
vn -0.925400 -0.000000 -0.379000
vn -0.938100 -0.021700 -0.345700
vn -0.999700 -0.023100 0.000000
vn -0.796200 0.462800 -0.389600
vn -0.925100 0.379800 -0.000000
vn -0.773800 0.633500 0.000000
vn -0.864600 0.502500 -0.000000
vn -0.957000 0.290000 0.000000
vn -0.877900 0.266000 -0.398200
vn -0.878100 0.281000 -0.387300
vn -0.925900 -0.021400 0.377100
vn -0.882200 0.267300 0.387700
vn -0.873600 0.279900 0.398200
vn -0.796200 0.462800 0.389600
vn -0.777300 0.465800 0.422900
vn -0.704700 0.576900 0.412900
vn -0.707600 0.577800 0.406700
vn -0.867800 0.306700 0.391000
vn -0.762200 0.319900 0.562800
vn -0.937700 -0.000000 0.347500
vn -0.586100 -0.000000 0.810200
vn -0.540400 0.187400 0.820300
vn -0.514500 0.211100 0.831100
vn -0.413200 0.305300 0.858000
vn -0.405100 0.317700 0.857300
vn -0.471100 0.343000 0.812600
vn -0.491000 0.316600 0.811600
vn -0.302700 0.024000 0.952800
vn -0.254900 0.182500 0.949600
vn -0.255700 0.181900 0.949500
vn -0.231600 0.386400 0.892800
vn -0.619900 0.035300 0.783900
vn -0.670500 0.456300 0.585000
vn -0.635200 0.477400 0.607100
vn -0.500000 0.618100 0.606500
vn -0.490100 0.621100 0.611600
vn -0.666900 0.428800 0.609400
vn -0.746200 0.386000 0.542300
vn -0.389500 0.201400 0.898700
vn -0.357700 0.212500 0.909300
vn -0.841100 0.540800 0.000000
vn -0.357700 0.212500 -0.909300
vn -0.389500 0.201400 -0.898700
vn -0.746300 0.386000 -0.542300
vn -0.666900 0.428800 -0.609400
vn -0.628900 0.777500 -0.000000
vn -0.801500 0.598000 0.000000
vn -0.867800 0.306700 -0.391000
vn -0.762200 0.319900 -0.562800
vn -0.302700 0.024000 -0.952800
vn -0.254900 0.182500 -0.949600
vn -0.255700 0.181900 -0.949500
vn -0.231600 0.386400 -0.892800
vn -0.490100 0.621100 -0.611600
vn -0.500000 0.618200 -0.606500
vn -0.659700 0.446700 -0.604400
vn -0.646500 0.486300 -0.587800
vn 0.413800 0.000000 0.910400
vn 0.414600 -0.002000 0.910000
vn 0.875400 -0.001000 0.483300
vn 0.875200 0.000000 0.483700
vn 0.875200 -0.000000 -0.483700
vn 0.875400 -0.001000 -0.483300
vn -0.662800 0.000000 -0.748800
vn -0.934500 0.000000 -0.356000
vn -0.934500 0.000000 0.356000
vn -0.662800 0.000000 0.748800
vn -0.716700 -0.697300 -0.002000
vn -0.717500 -0.696500 0.003600
vn -0.715700 -0.698400 -0.000000
vn -0.717500 -0.696500 -0.003600
vn -0.716700 -0.697300 0.002000
vn 0.548400 -0.000000 -0.836200
vn 0.580300 0.814400 -0.000000
vn 0.548400 -0.000000 0.836200
vn 0.580300 -0.814400 0.000000
vn -0.901500 -0.432700 0.000000
vn 0.015300 -0.539800 0.841600
vn -0.000000 -0.532000 0.846800
vn -0.228000 -0.973700 0.002300
vn -0.229900 -0.973200 -0.003500
vn -0.229700 -0.973200 -0.003400
vn -0.229500 -0.973300 -0.000000
vn -0.229700 -0.973200 0.003400
vn -0.229900 -0.973200 0.003500
vn -0.228000 -0.973700 -0.002300
vn -0.235400 -0.971900 -0.001300
vn -0.261900 -0.965100 -0.008700
vn -0.269700 -0.962800 0.017400
vn -0.272200 -0.962300 -0.000000
vn -0.269700 -0.962800 -0.017400
vn -0.261900 -0.965100 0.008700
vn -0.245800 -0.969300 -0.002100
vn -0.233600 -0.972000 -0.027000
vn -0.236000 -0.971800 0.000800
vn -0.235400 -0.971900 0.001300
vn 0.000600 1.000000 0.000500
vn 0.000600 1.000000 -0.000500
vn 0.453200 0.000000 -0.891400
vn 0.466500 0.001600 -0.884500
vn 0.391400 0.544100 -0.742200
vn 0.393800 0.544100 -0.740900
vn -0.000000 0.591300 -0.806500
vn -0.003400 0.588000 -0.808900
vn 0.000000 -0.000500 1.000000
vn 0.001800 -0.000000 1.000000
vn 0.000000 -0.001500 1.000000
vn 0.000000 1.000000 -0.000100
vn 0.000100 0.827400 -0.561600
vn 0.000000 0.827300 -0.561800
vn -0.475500 0.813300 -0.335300
vn -0.817300 0.000000 -0.576300
vn 0.929500 0.368900 0.000100
vn 0.000000 -0.511300 -0.859400
vn 0.920500 -0.390300 0.019600
vn -0.000000 0.488200 -0.872700
vn 0.921400 0.388600 0.000000
vn -0.000100 0.581800 0.813400
vn -0.000100 0.581800 0.813300
vn -0.000000 0.581300 0.813700
vn -0.000100 0.581400 0.813600
vn 0.000000 0.581600 0.813500
vn 0.000000 -0.447600 0.894200
vn 0.001400 -1.000000 -0.000000
vn 0.000200 1.000000 0.000000
vn 0.000000 -0.001500 -1.000000
vn 0.001800 0.000000 -1.000000
vn 0.000000 -0.000500 -1.000000
vn -0.569500 0.822000 0.000000
vn 0.000000 -0.816900 0.576800
vn -0.000000 -0.799600 0.600500
vn 0.000000 0.589100 0.808100
vn -0.001000 0.002600 1.000000
vn -0.016300 -0.006000 0.999800
vn 0.671900 -0.605000 -0.427200
vn 0.646200 -0.563500 -0.514600
vn 0.565500 -0.824800 -0.000000
vn 0.646200 -0.563500 0.514600
vn 0.671900 -0.605000 0.427200
vn -0.712700 0.522400 -0.468000
vn -0.806500 0.591200 -0.000000
vn -0.712700 0.522400 0.468000
vn -0.762300 -0.410300 -0.500600
vn -0.741200 -0.388300 -0.547500
vn -0.885800 -0.464000 0.000000
vn -0.741200 -0.388300 0.547500
vn -0.762300 -0.410300 0.500600
vn -0.000000 -0.803200 -0.595800
vn -0.000000 -0.803200 0.595800
vn 0.000000 0.810600 -0.585600
vn 0.000000 -0.366800 -0.930300
vn -0.000000 -0.709800 0.704400
vn 0.000000 -0.709800 -0.704400
vn -0.695100 -0.000000 -0.718900
vn -0.695100 -0.000000 0.718900
vn -0.288900 -0.000000 0.957400
vn 0.424000 0.905500 -0.015300
vn 0.366600 0.930300 0.012900
vn 0.339100 0.940600 -0.019000
vn 0.336900 0.941500 0.000000
vn 0.339100 0.940600 0.019000
vn 0.366600 0.930300 -0.012900
vn 0.424000 0.905500 0.015300
vn -0.113900 -0.993500 0.000000
vn -0.114600 -0.993400 -0.000000
vn -0.115800 -0.993300 0.000000
vn -0.121600 -0.992600 -0.000000
vn -0.135800 -0.990700 0.000000
vn 0.787000 -0.325500 0.524000
vn 0.785500 -0.277500 0.553200
vn 0.942900 -0.333100 -0.000000
vn 0.785500 -0.277500 -0.553200
vn 0.787000 -0.325500 -0.524000
usemtl AdvPistol_MATINST
s off
f 103/1/1 101/2/1 104/3/1
f 125/4/2 124/5/2 123/6/2
f 132/7/3 131/8/3 130/9/3
f 284/10/4 283/11/4 282/12/4
f 300/13/5 299/14/5 298/15/5
f 376/16/6 375/17/6 374/18/6
f 507/19/7 506/20/7 505/21/7
f 543/22/8 542/23/8 541/24/8
f 521/25/5 1/26/5 514/27/5
f 7/28/5 420/29/5 534/30/5
f 420/29/5 7/28/5 419/31/5
f 2/32/9 472/33/9 615/34/9
f 472/33/10 2/32/10 13/35/10
f 402/36/11 13/35/11 2/32/11
f 13/35/11 402/36/11 15/37/11
f 3/38/11 12/39/11 11/40/11
f 12/39/11 3/38/11 4/41/11
f 392/42/11 4/41/11 3/38/11
f 5/43/11 4/41/11 392/42/11
f 5/43/11 6/44/11 4/41/11
f 419/45/11 6/44/11 5/43/11
f 419/45/11 7/46/11 6/44/11
f 4/41/11 6/44/11 8/47/11
f 14/48/11 609/49/11 616/50/11
f 360/51/11 609/49/11 14/48/11
f 609/49/11 360/51/11 9/52/11
f 359/53/11 609/49/11 9/52/11
f 10/54/11 609/49/11 359/53/11
f 10/54/11 338/55/11 609/49/11
f 338/55/11 10/54/11 11/40/11
f 11/40/11 342/56/11 338/55/11
f 342/56/11 11/40/11 341/57/11
f 11/40/11 12/39/11 341/57/11
f 14/58/12 472/59/12 13/60/12
f 15/61/13 14/58/13 13/60/13
f 14/58/14 15/61/14 360/62/14
f 40/63/15 16/64/15 194/65/15
f 16/64/16 40/63/16 17/66/16
f 17/67/11 18/68/11 16/69/11
f 18/68/11 17/67/11 41/70/11
f 563/71/1 595/72/1 562/73/1
f 595/72/1 563/71/1 19/74/1
f 19/74/1 563/71/1 20/75/1
f 21/76/1 19/74/1 20/75/1
f 21/76/1 20/75/1 276/77/1
f 276/77/1 249/78/1 21/76/1
f 249/78/1 276/77/1 247/79/1
f 276/77/1 243/80/1 247/79/1
f 243/80/1 276/77/1 26/81/1
f 22/82/1 26/81/1 276/77/1
f 23/83/1 243/80/1 26/81/1
f 26/81/1 22/82/1 127/84/1
f 483/85/1 127/84/1 22/82/1
f 127/84/1 483/85/1 194/86/1
f 194/86/1 18/87/1 127/84/1
f 18/87/1 194/86/1 16/88/1
f 71/89/17 25/90/17 43/91/17
f 25/90/15 71/89/15 51/92/15
f 43/93/18 24/94/18 42/95/18
f 24/94/18 43/93/18 25/96/18
f 41/97/2 24/98/2 18/99/2
f 24/98/2 41/97/2 42/100/2
f 91/101/18 26/102/18 127/103/18
f 26/102/18 91/101/18 155/104/18
f 61/105/11 34/106/11 56/107/11
f 34/106/11 61/105/11 52/108/11
f 33/109/5 74/110/5 172/111/5
f 74/110/19 27/112/19 172/111/19
f 27/112/20 74/110/20 73/113/20
f 51/114/1 24/115/1 25/116/1
f 24/115/1 51/114/1 28/117/1
f 28/117/1 18/118/1 24/115/1
f 18/118/1 28/117/1 127/119/1
f 51/114/1 130/120/1 28/117/1
f 131/121/1 28/117/1 130/120/1
f 131/121/1 29/122/1 28/117/1
f 29/122/1 131/121/1 133/123/1
f 133/123/1 30/124/1 29/122/1
f 30/124/1 133/123/1 491/125/1
f 247/126/1 30/124/1 491/125/1
f 30/124/1 247/126/1 243/127/1
f 29/122/1 30/124/1 157/128/1
f 133/123/1 31/129/1 491/125/1
f 31/129/1 133/123/1 447/130/1
f 133/123/1 162/131/1 447/130/1
f 162/131/1 32/132/1 447/130/1
f 162/131/1 161/133/1 32/132/1
f 161/133/1 565/134/1 32/132/1
f 565/134/1 161/133/1 566/135/1
f 33/136/21 53/137/21 74/138/21
f 57/139/22 53/137/22 33/136/22
f 53/137/23 57/139/23 37/140/23
f 52/141/4 35/142/4 34/143/4
f 35/142/4 52/141/4 36/144/4
f 36/144/24 57/145/24 35/142/24
f 57/145/24 36/144/24 37/146/24
f 63/147/5 478/148/5 39/149/5
f 478/148/5 63/147/5 187/150/5
f 38/151/18 39/152/18 478/153/18
f 39/152/18 38/151/18 62/154/18
f 61/155/18 62/154/18 38/151/18
f 40/156/25 41/157/25 17/158/25
f 41/157/26 40/156/26 230/159/26
f 230/159/27 42/160/27 41/157/27
f 42/160/27 230/159/27 44/161/27
f 44/161/28 43/91/28 42/160/28
f 43/91/29 44/161/29 71/89/29
f 231/162/30 72/163/30 49/164/30
f 176/165/31 45/166/31 280/167/31
f 45/166/32 176/165/32 231/162/32
f 46/168/32 231/162/32 176/165/32
f 231/162/32 46/168/32 47/169/32
f 72/163/30 231/162/30 47/169/30
f 48/170/33 46/168/33 200/171/33
f 46/168/32 48/170/32 47/169/32
f 230/172/2 72/173/2 44/174/2
f 72/173/2 230/172/2 49/175/2
f 50/176/34 68/177/34 170/178/34
f 68/177/34 50/176/34 226/179/34
f 51/180/35 132/181/35 130/182/35
f 51/180/36 128/183/36 132/181/36
f 128/183/37 51/180/37 89/184/37
f 38/185/5 75/186/5 61/187/5
f 36/188/5 52/189/5 61/187/5
f 75/186/5 36/188/5 61/187/5
f 36/188/5 75/186/5 37/190/5
f 75/186/5 53/191/5 37/190/5
f 66/192/38 64/193/38 82/194/38
f 64/193/39 80/195/39 82/194/39
f 80/195/39 64/193/39 77/196/39
f 57/197/1 33/198/1 54/199/1
f 55/200/1 54/199/1 60/201/1
f 54/199/1 55/200/1 56/202/1
f 56/202/1 57/197/1 54/199/1
f 57/197/1 56/202/1 35/203/1
f 34/204/1 35/203/1 56/202/1
f 55/200/1 59/205/1 58/206/1
f 55/200/1 184/207/1 59/205/1
f 184/207/1 55/200/1 60/201/1
f 60/201/1 214/208/1 184/207/1
f 55/209/4 61/210/4 56/211/4
f 61/210/4 55/209/4 267/212/4
f 267/212/40 62/213/40 61/210/40
f 62/213/40 267/212/40 186/214/40
f 186/214/41 39/215/41 62/213/41
f 39/215/41 186/214/41 63/216/41
f 66/217/18 444/218/18 64/219/18
f 444/218/18 65/220/18 443/221/18
f 444/218/18 66/217/18 65/220/18
f 67/222/18 65/220/18 66/217/18
f 97/223/18 67/222/18 66/217/18
f 67/222/18 97/223/18 83/224/18
f 69/225/18 83/224/18 97/223/18
f 83/224/18 69/225/18 68/226/18
f 88/227/18 68/226/18 69/225/18
f 68/226/42 88/227/42 89/228/42
f 68/226/18 89/228/18 169/229/18
f 69/225/18 87/230/18 88/227/18
f 170/231/18 68/226/18 169/229/18
f 89/228/18 70/232/18 169/229/18
f 70/232/18 89/228/18 51/233/18
f 71/234/18 70/232/18 51/233/18
f 70/232/18 71/234/18 147/235/18
f 71/234/18 123/236/18 147/235/18
f 123/236/18 71/234/18 44/237/18
f 44/237/18 125/238/18 123/236/18
f 125/238/18 44/237/18 72/239/18
f 72/239/18 117/240/18 125/238/18
f 117/240/18 72/239/18 47/241/18
f 73/242/18 117/240/18 47/241/18
f 73/242/18 147/235/18 117/240/18
f 147/235/18 73/242/18 70/232/18
f 74/243/18 70/232/18 73/242/18
f 70/232/18 74/243/18 53/244/18
f 75/245/18 70/232/18 53/244/18
f 70/232/18 75/245/18 177/246/18
f 80/247/5 77/248/5 76/249/5
f 80/247/5 85/250/5 86/251/5
f 85/250/5 80/247/5 78/252/5
f 78/252/5 80/247/5 76/249/5
f 446/253/5 78/252/5 76/249/5
f 78/252/5 446/253/5 126/254/5
f 126/254/5 136/255/5 78/252/5
f 64/256/5 445/257/5 79/258/5
f 445/257/5 64/256/5 444/259/5
f 77/260/4 79/261/4 76/262/4
f 79/261/4 77/260/4 64/263/4
f 81/264/18 80/265/18 86/266/18
f 80/265/18 81/264/18 82/267/18
f 226/268/43 83/269/43 68/270/43
f 83/269/43 226/268/43 225/271/43
f 225/271/5 67/272/5 83/269/5
f 67/272/5 225/271/5 222/273/5
f 222/273/44 65/274/44 67/272/44
f 65/274/44 222/273/44 84/275/44
f 84/275/45 443/276/45 65/274/45
f 443/276/45 84/275/45 441/277/45
f 129/278/46 86/279/46 85/280/46
f 87/281/47 86/279/47 88/282/47
f 86/279/46 129/278/46 88/282/46
f 129/278/5 89/283/5 88/282/5
f 89/283/5 129/278/5 128/284/5
f 155/285/1 90/286/1 156/287/1
f 90/286/1 155/285/1 91/288/1
f 599/289/2 601/290/2 92/291/2
f 601/290/2 599/289/2 597/292/2
f 93/293/2 597/292/2 201/294/2
f 94/295/2 597/292/2 93/293/2
f 597/292/2 94/295/2 601/290/2
f 603/296/2 601/290/2 94/295/2
f 94/295/48 158/297/48 603/296/48
f 158/297/48 94/295/48 141/298/48
f 141/298/2 96/299/2 158/297/2
f 96/299/2 141/298/2 95/300/2
f 183/301/2 158/297/2 96/299/2
f 158/297/2 183/301/2 164/302/2
f 97/303/49 66/304/49 82/305/49
f 97/303/49 82/305/49 81/306/49
f 81/306/50 69/307/50 97/303/50
f 86/308/51 69/307/51 81/306/51
f 69/307/52 86/308/52 87/309/52
f 93/310/2 98/311/2 94/312/2
f 98/311/2 93/310/2 204/313/2
f 98/311/2 99/314/2 142/315/2
f 204/313/2 99/314/2 98/311/2
f 99/314/2 204/313/2 205/316/2
f 208/317/2 205/316/2 204/313/2
f 205/318/5 183/319/5 99/320/5
f 183/319/5 205/318/5 100/321/5
f 242/322/1 498/323/1 150/324/1
f 498/323/1 242/322/1 101/2/1
f 498/323/1 589/325/1 102/326/1
f 101/2/1 588/327/1 498/323/1
f 589/325/1 498/323/1 588/327/1
f 588/327/1 101/2/1 265/328/1
f 101/2/1 103/1/1 265/328/1
f 265/328/1 105/329/1 588/327/1
f 105/329/1 265/328/1 106/330/1
f 107/331/1 108/332/1 232/333/1
f 108/332/1 107/331/1 261/334/1
f 254/335/1 108/332/1 261/334/1
f 261/334/1 109/336/1 254/335/1
f 109/336/1 261/334/1 262/337/1
f 262/337/1 256/338/1 109/336/1
f 256/338/1 262/337/1 103/1/1
f 104/3/1 256/338/1 103/1/1
f 104/3/1 260/339/1 256/338/1
f 260/339/1 104/3/1 110/340/1
f 246/341/1 260/339/1 110/340/1
f 260/339/1 246/341/1 111/342/1
f 492/343/1 111/342/1 246/341/1
f 111/342/1 492/343/1 112/344/1
f 492/343/1 546/345/1 112/344/1
f 102/326/1 546/345/1 495/346/1
f 546/345/1 492/343/1 495/346/1
f 546/345/1 102/326/1 547/347/1
f 589/325/1 547/347/1 102/326/1
f 113/348/1 547/347/1 589/325/1
f 112/344/1 250/349/1 111/342/1
f 250/349/1 112/344/1 490/350/1
f 547/347/1 113/348/1 114/351/1
f 115/352/1 114/351/1 113/348/1
f 114/351/1 115/352/1 550/353/1
f 115/352/1 116/354/1 550/353/1
f 125/355/1 116/354/1 115/352/1
f 116/354/1 125/355/1 117/356/1
f 119/357/4 133/358/4 118/359/4
f 118/359/4 159/360/4 119/357/4
f 159/360/4 118/359/4 135/361/4
f 568/362/5 120/363/5 561/364/5
f 120/363/5 568/362/5 121/365/5
f 121/365/5 537/366/5 120/363/5
f 537/366/5 121/365/5 138/367/5
f 122/368/5 138/367/5 121/365/5
f 163/369/5 122/368/5 121/365/5
f 140/370/5 122/368/5 163/369/5
f 124/5/2 125/4/2 115/371/2
f 135/372/2 126/373/2 604/374/2
f 126/373/2 135/372/2 136/375/2
f 91/376/2 28/377/2 90/378/2
f 28/377/2 91/376/2 127/379/2
f 90/380/11 29/381/11 156/382/11
f 29/381/11 90/380/11 28/383/11
f 129/384/53 85/385/53 128/386/53
f 85/385/54 132/7/54 128/386/54
f 132/7/55 85/385/55 134/387/55
f 131/8/56 132/7/56 134/387/56
f 134/387/57 133/388/57 131/8/57
f 133/388/58 134/387/58 118/389/58
f 134/387/18 135/390/18 118/389/18
f 135/390/18 134/387/18 85/385/18
f 78/391/18 135/390/18 85/385/18
f 136/392/18 135/390/18 78/391/18
f 163/393/2 137/394/2 140/395/2
f 137/394/2 163/393/2 151/396/2
f 139/397/2 138/398/2 153/399/2
f 138/398/2 139/397/2 537/400/2
f 122/401/59 153/402/59 138/403/59
f 153/402/59 122/401/59 152/404/59
f 140/405/18 152/404/18 122/401/18
f 152/404/18 140/405/18 137/406/18
f 79/407/18 446/408/18 76/409/18
f 446/408/18 79/407/18 445/410/18
f 98/411/11 141/412/11 94/413/11
f 141/412/11 98/411/11 95/414/11
f 183/415/11 142/416/11 99/417/11
f 142/416/11 183/415/11 96/418/11
f 96/419/1 98/420/1 142/421/1
f 98/420/1 96/419/1 95/422/1
f 143/423/5 149/424/5 499/425/5
f 149/424/5 143/423/5 148/426/5
f 489/427/5 497/428/5 496/429/5
f 500/430/5 499/425/5 497/428/5
f 497/428/5 489/427/5 500/430/5
f 143/423/5 499/425/5 144/431/5
f 499/425/5 500/430/5 144/431/5
f 144/431/5 145/432/5 143/423/5
f 145/432/5 144/431/5 146/433/5
f 146/433/5 124/434/5 145/432/5
f 124/434/5 146/433/5 548/435/5
f 549/436/5 124/434/5 548/435/5
f 147/437/5 124/434/5 549/436/5
f 124/434/5 147/437/5 123/438/5
f 105/439/60 148/440/60 588/441/60
f 148/440/60 105/439/60 157/442/60
f 30/443/61 148/440/61 157/442/61
f 148/440/62 30/443/62 149/444/62
f 30/443/63 498/445/63 149/444/63
f 498/445/63 30/443/63 150/446/63
f 153/447/64 543/448/64 139/449/64
f 151/450/65 152/451/65 137/452/65
f 545/453/66 152/451/66 151/450/66
f 153/447/67 152/451/67 545/453/67
f 543/448/64 153/447/64 545/453/64
f 545/453/68 154/454/68 543/448/68
f 154/454/68 545/453/68 544/455/68
f 106/456/4 157/457/4 105/458/4
f 157/457/4 106/456/4 23/459/4
f 155/460/4 23/459/4 26/461/4
f 156/382/4 23/459/4 155/460/4
f 23/459/4 156/382/4 157/457/4
f 29/381/4 157/457/4 156/382/4
f 119/462/69 162/463/69 133/464/69
f 604/465/70 158/466/70 135/467/70
f 135/467/71 158/466/71 159/468/71
f 158/466/18 164/469/18 159/468/18
f 164/469/18 119/462/18 159/468/18
f 119/462/18 164/469/18 165/470/18
f 162/463/72 119/462/72 165/470/72
f 160/471/73 162/463/73 165/470/73
f 162/463/74 160/471/74 161/472/74
f 545/473/75 164/469/75 181/474/75
f 164/469/76 545/473/76 151/475/76
f 163/476/77 164/469/77 151/475/77
f 164/469/77 163/476/77 165/470/77
f 121/477/78 165/470/78 163/476/78
f 165/470/75 121/477/75 160/471/75
f 212/478/5 554/479/5 553/480/5
f 554/479/5 212/478/5 211/481/5
f 166/482/4 553/483/4 182/484/4
f 553/483/4 166/482/4 212/485/4
f 168/486/2 551/487/2 552/488/2
f 551/487/2 168/486/2 213/489/2
f 167/490/1 552/491/1 555/492/1
f 552/491/1 167/490/1 168/493/1
f 211/494/2 555/495/2 554/496/2
f 555/495/2 211/494/2 167/497/2
f 173/498/79 169/499/79 175/500/79
f 169/499/80 173/498/80 477/501/80
f 171/502/81 169/499/81 477/501/81
f 170/503/79 228/504/79 50/505/79
f 228/504/79 170/503/79 169/499/79
f 169/499/81 171/502/81 228/504/81
f 505/506/82 228/504/82 171/502/82
f 228/504/79 505/506/79 506/507/79
f 73/508/2 48/509/2 27/510/2
f 48/509/2 73/508/2 47/511/2
f 48/512/83 172/513/83 27/514/83
f 172/513/84 48/512/84 200/515/84
f 175/516/85 174/517/85 173/518/85
f 174/517/86 175/516/86 178/519/86
f 176/520/4 54/521/4 46/522/4
f 54/521/4 176/520/4 60/523/4
f 174/524/87 70/525/87 177/526/87
f 70/525/88 174/524/88 178/527/88
f 169/528/2 178/529/2 175/530/2
f 178/529/2 169/528/2 70/531/2
f 173/532/89 177/533/89 477/534/89
f 177/533/90 173/532/90 174/535/90
f 179/536/5 215/537/5 236/538/5
f 236/538/5 185/539/5 179/536/5
f 185/539/5 236/538/5 267/540/5
f 267/540/5 266/541/5 185/539/5
f 267/540/5 236/538/5 479/542/5
f 180/543/91 541/544/91 542/545/91
f 541/544/92 180/543/92 181/546/92
f 164/547/93 183/548/93 181/546/93
f 541/544/93 100/549/93 273/550/93
f 541/544/94 166/551/94 100/549/94
f 166/551/95 541/544/95 213/552/95
f 181/546/96 213/552/96 541/544/96
f 213/552/96 181/546/96 551/553/96
f 181/546/97 182/554/97 551/553/97
f 182/554/98 181/546/98 183/548/98
f 100/549/99 182/554/99 183/548/99
f 182/554/99 100/549/99 166/551/99
f 266/555/4 59/556/4 185/557/4
f 59/556/4 266/555/4 58/558/4
f 185/557/100 184/559/100 179/560/100
f 184/559/100 185/557/100 59/556/100
f 479/561/11 186/562/11 267/563/11
f 479/561/11 63/564/11 186/562/11
f 63/564/11 479/561/11 187/565/11
f 192/566/101 190/567/101 587/568/101
f 586/569/102 188/570/102 251/571/102
f 188/570/102 586/569/102 189/572/102
f 190/567/1 189/572/1 586/569/1
f 189/572/1 190/567/1 191/573/1
f 190/567/101 192/566/101 191/573/101
f 593/574/103 191/573/103 192/566/103
f 191/573/104 593/574/104 594/575/104
f 596/576/105 191/573/105 594/575/105
f 191/573/105 596/576/105 189/572/105
f 252/577/106 189/572/106 596/576/106
f 189/572/107 252/577/107 188/570/107
f 194/578/108 484/579/108 197/580/108
f 484/579/109 194/578/109 193/581/109
f 483/582/110 193/581/110 194/578/110
f 269/583/5 210/584/5 440/585/5
f 210/584/5 269/583/5 195/586/5
f 270/587/4 195/588/4 269/589/4
f 195/588/4 270/587/4 240/590/4
f 502/591/11 196/592/11 268/593/11
f 196/592/11 502/591/11 501/594/11
f 198/595/5 197/596/5 484/597/5
f 197/596/5 198/595/5 199/598/5
f 198/595/46 501/599/46 199/598/46
f 199/598/111 501/599/111 227/600/111
f 501/599/46 198/595/46 241/601/46
f 33/602/112 172/603/112 200/604/112
f 46/605/113 33/602/113 200/604/113
f 33/602/89 46/605/89 54/606/89
f 195/607/11 209/608/11 210/609/11
f 209/608/11 195/607/11 240/610/11
f 202/611/48 93/612/48 201/613/48
f 93/612/48 202/611/48 203/614/48
f 207/615/2 203/614/2 202/611/2
f 202/611/2 100/616/2 207/615/2
f 100/616/2 202/611/2 273/617/2
f 203/614/2 207/615/2 206/618/2
f 204/619/18 203/620/18 206/621/18
f 203/620/18 204/619/18 93/622/18
f 100/623/18 208/624/18 207/625/18
f 208/624/18 100/623/18 205/626/18
f 207/627/1 204/628/1 206/629/1
f 204/628/1 207/627/1 208/630/1
f 598/631/4 209/632/4 239/633/4
f 209/632/4 598/631/4 210/634/4
f 212/635/11 167/636/11 211/637/11
f 167/636/11 212/635/11 168/638/11
f 212/635/114 213/639/114 168/638/114
f 213/639/115 212/635/115 166/640/115
f 184/641/116 215/642/116 179/643/116
f 215/642/117 184/641/117 214/644/117
f 235/645/118 215/642/118 214/644/118
f 107/646/2 218/647/2 261/648/2
f 218/647/2 107/646/2 217/649/2
f 264/650/5 244/651/5 245/652/5
f 244/651/5 264/650/5 216/653/5
f 229/654/5 218/655/5 217/656/5
f 218/655/5 229/654/5 253/657/5
f 255/658/5 218/655/5 253/657/5
f 219/659/5 218/655/5 255/658/5
f 218/655/5 219/659/5 263/660/5
f 257/661/5 263/660/5 219/659/5
f 263/660/5 257/661/5 264/650/5
f 257/661/5 216/653/5 264/650/5
f 258/662/5 216/653/5 257/661/5
f 216/653/5 258/662/5 220/663/5
f 259/664/5 220/663/5 258/662/5
f 220/663/5 259/664/5 248/665/5
f 440/666/11 221/667/11 269/668/11
f 441/669/11 84/670/11 440/666/11
f 221/667/11 440/666/11 84/670/11
f 221/667/11 84/670/11 222/671/11
f 222/671/11 223/672/11 221/667/11
f 223/672/11 222/671/11 225/673/11
f 225/673/11 224/674/11 223/672/11
f 224/674/11 225/673/11 226/675/11
f 226/675/11 199/676/11 224/674/11
f 199/676/119 226/675/119 197/677/119
f 228/678/11 197/677/11 226/675/11
f 199/676/11 227/679/11 224/674/11
f 228/678/11 226/675/11 50/680/11
f 234/681/11 197/677/11 228/678/11
f 197/677/11 234/681/11 194/682/11
f 194/682/11 234/681/11 40/683/11
f 229/684/11 40/683/11 234/681/11
f 217/685/11 40/683/11 229/684/11
f 40/683/11 217/685/11 230/686/11
f 107/687/11 230/686/11 217/685/11
f 230/686/11 107/687/11 49/688/11
f 232/689/11 49/688/11 107/687/11
f 49/688/11 232/689/11 231/690/11
f 231/690/11 232/689/11 233/691/11
f 229/684/11 233/691/11 232/689/11
f 233/691/11 229/684/11 234/681/11
f 234/681/11 235/692/11 233/691/11
f 235/692/11 234/681/11 215/693/11
f 234/681/11 236/694/11 215/693/11
f 236/694/11 234/681/11 509/695/11
f 240/696/5 270/697/5 196/698/5
f 238/699/5 237/700/5 239/701/5
f 209/702/5 238/699/5 239/701/5
f 238/699/5 209/702/5 240/696/5
f 240/696/5 196/698/5 238/699/5
f 196/698/5 241/703/5 238/699/5
f 241/703/5 196/698/5 501/704/5
f 243/705/120 101/706/120 242/707/120
f 101/706/120 243/705/120 244/708/120
f 243/705/121 245/709/121 244/708/121
f 245/709/122 243/705/122 23/710/122
f 106/711/123 245/709/123 23/710/123
f 245/709/123 106/711/123 265/712/123
f 248/713/11 488/714/11 246/715/11
f 488/714/11 248/713/11 247/716/11
f 248/713/11 249/717/11 247/716/11
f 249/717/11 248/713/11 259/718/11
f 259/718/11 250/719/11 249/717/11
f 250/719/11 259/718/11 111/720/11
f 21/721/11 251/722/11 188/723/11
f 21/721/11 188/723/11 19/724/11
f 19/724/11 188/723/11 252/725/11
f 232/726/4 253/727/4 229/728/4
f 253/727/4 232/726/4 108/729/4
f 254/730/124 253/727/124 108/729/124
f 253/727/124 254/730/124 255/731/124
f 109/732/11 255/731/11 254/730/11
f 255/731/11 109/732/11 219/733/11
f 256/734/125 219/733/125 109/732/125
f 219/733/125 256/734/125 257/735/125
f 260/736/11 257/735/11 256/734/11
f 257/735/11 260/736/11 258/737/11
f 220/738/18 104/739/18 216/740/18
f 104/739/18 220/738/18 110/741/18
f 248/742/126 110/743/126 220/744/126
f 110/743/126 248/742/126 246/745/126
f 216/746/2 101/747/2 244/748/2
f 101/747/2 216/746/2 104/749/2
f 258/750/2 111/751/2 259/752/2
f 111/751/2 258/750/2 260/753/2
f 263/754/18 261/755/18 218/756/18
f 261/755/18 263/754/18 262/757/18
f 263/754/127 103/758/127 262/757/127
f 103/758/127 263/754/127 264/759/127
f 245/760/4 103/758/4 264/759/4
f 103/758/4 245/760/4 265/761/4
f 267/762/18 58/763/18 266/764/18
f 58/763/18 267/762/18 55/765/18
f 268/766/128 269/767/128 221/768/128
f 196/769/129 269/767/129 268/766/129
f 269/767/129 196/769/129 270/770/129
f 273/771/130 543/772/130 541/773/130
f 543/772/131 273/771/131 504/774/131
f 273/771/132 271/775/132 504/774/132
f 271/775/132 273/771/132 275/776/132
f 275/776/133 120/777/133 271/775/133
f 120/777/130 275/776/130 272/778/130
f 239/779/11 597/780/11 598/781/11
f 239/779/11 201/782/11 597/780/11
f 201/782/11 239/779/11 503/783/11
f 503/783/134 202/784/134 201/782/134
f 202/784/135 503/783/135 480/785/135
f 468/786/136 202/784/136 480/785/136
f 468/786/11 273/771/11 202/784/11
f 274/787/11 273/771/11 468/786/11
f 273/771/11 274/787/11 275/776/11
f 274/787/137 20/788/137 275/776/137
f 20/788/138 272/778/138 275/776/138
f 272/778/139 20/788/139 563/789/139
f 20/788/140 274/787/140 276/790/140
f 284/791/1 290/792/1 277/793/1
f 235/794/141 278/795/141 233/796/141
f 278/795/142 235/794/142 279/797/142
f 279/797/5 235/794/5 214/798/5
f 282/799/5 283/800/5 281/801/5
f 233/802/2 45/803/2 231/804/2
f 45/803/2 233/802/2 278/805/2
f 45/806/143 279/807/143 280/808/143
f 279/807/144 45/806/144 278/809/144
f 176/810/145 214/811/145 60/812/145
f 214/811/146 176/810/146 280/813/146
f 280/813/147 279/814/147 214/811/147
f 281/815/11 277/816/11 290/817/11
f 277/816/11 281/815/11 283/818/11
f 283/11/4 284/10/4 277/819/4
f 294/820/4 282/12/4 286/821/4
f 294/820/4 284/10/4 282/12/4
f 284/10/4 294/820/4 285/822/4
f 285/822/4 295/823/4 284/10/4
f 520/824/4 295/823/4 285/822/4
f 290/825/148 289/826/148 281/827/148
f 286/828/149 281/827/149 289/826/149
f 281/827/150 286/828/150 282/829/150
f 299/830/151 287/831/151 298/832/151
f 287/831/151 299/830/151 288/833/151
f 289/826/11 288/833/11 299/830/11
f 288/833/11 289/826/11 296/834/11
f 289/826/148 290/825/148 296/834/148
f 284/835/152 296/834/152 290/825/152
f 296/834/153 284/835/153 295/836/153
f 529/837/11 292/838/11 525/839/11
f 292/838/11 529/837/11 528/840/11
f 292/841/4 291/842/4 293/843/4
f 291/842/4 292/841/4 528/844/4
f 285/845/11 293/846/11 291/847/11
f 293/846/11 285/845/11 294/848/11
f 530/849/1 296/850/1 295/851/1
f 296/850/1 530/849/1 288/852/1
f 530/849/1 287/853/1 288/852/1
f 510/854/1 511/855/1 513/856/1
f 292/857/5 297/858/5 525/859/5
f 297/858/5 292/857/5 526/860/5
f 289/861/5 294/862/5 286/863/5
f 294/862/5 289/861/5 299/14/5
f 294/862/5 485/864/5 293/865/5
f 485/864/5 294/862/5 302/866/5
f 294/862/5 301/867/5 302/866/5
f 301/867/5 294/862/5 299/14/5
f 299/14/5 300/13/5 301/867/5
f 523/868/5 302/866/5 301/867/5
f 302/866/5 523/868/5 515/869/5
f 575/870/18 303/871/18 310/872/18
f 303/871/18 575/870/18 576/873/18
f 304/874/18 303/871/18 576/873/18
f 303/871/18 304/874/18 583/875/18
f 287/876/2 300/877/2 298/878/2
f 300/877/2 287/876/2 524/879/2
f 581/880/1 309/881/1 582/882/1
f 309/881/1 581/880/1 308/883/1
f 306/884/154 581/880/154 305/885/154
f 581/880/154 306/884/154 308/883/154
f 569/886/155 308/883/155 306/884/155
f 308/883/155 569/886/155 307/887/155
f 572/888/156 308/883/156 307/887/156
f 308/883/156 572/888/156 309/881/156
f 310/889/157 309/881/157 572/888/157
f 309/881/157 310/889/157 303/890/157
f 303/890/158 582/882/158 309/881/158
f 582/882/158 303/890/158 583/891/158
f 319/892/1 312/893/1 311/894/1
f 312/893/1 319/892/1 318/895/1
f 318/895/159 314/896/159 312/893/159
f 314/896/159 318/895/159 313/897/159
f 314/898/18 315/899/18 312/900/18
f 451/901/18 453/902/18 311/903/18
f 312/900/18 451/901/18 311/903/18
f 315/899/18 451/901/18 312/900/18
f 454/904/18 451/901/18 315/899/18
f 318/905/11 455/906/11 313/907/11
f 455/906/11 317/908/11 316/909/11
f 318/905/11 317/908/11 455/906/11
f 319/910/11 317/908/11 318/905/11
f 319/910/11 452/911/11 317/908/11
f 320/912/160 325/913/160 326/914/160
f 325/913/161 320/912/161 321/915/161
f 321/915/11 322/916/11 325/913/11
f 322/916/11 321/915/11 459/917/11
f 458/918/1 464/919/1 322/920/1
f 462/921/1 560/922/1 323/923/1
f 462/921/1 327/924/1 560/922/1
f 327/924/1 464/919/1 560/922/1
f 464/919/1 327/924/1 324/925/1
f 324/925/1 322/920/1 464/919/1
f 322/920/1 324/925/1 325/926/1
f 330/927/1 325/926/1 324/925/1
f 325/926/1 330/927/1 326/928/1
f 327/924/1 462/921/1 463/929/1
f 463/929/1 329/930/1 327/924/1
f 329/930/1 463/929/1 328/931/1
f 330/932/2 558/933/2 329/934/2
f 558/933/2 330/932/2 467/935/2
f 467/935/162 461/936/162 558/933/162
f 461/936/162 467/935/162 466/937/162
f 330/932/2 320/938/2 326/939/2
f 329/934/2 320/938/2 330/932/2
f 320/938/2 329/934/2 331/940/2
f 328/941/2 331/940/2 329/934/2
f 352/942/163 353/943/163 413/944/163
f 352/942/164 332/945/164 350/946/164
f 332/945/165 352/942/165 333/947/165
f 413/944/166 333/947/166 352/942/166
f 333/947/166 413/944/166 337/948/166
f 335/949/167 339/950/167 334/951/167
f 332/945/168 335/949/168 334/951/168
f 335/949/168 332/945/168 606/952/168
f 333/947/169 606/952/169 332/945/169
f 606/952/170 333/947/170 336/953/170
f 337/948/171 336/953/171 333/947/171
f 336/953/172 337/948/172 418/954/172
f 339/950/173 335/949/173 610/955/173
f 610/955/174 338/956/174 339/950/174
f 342/957/175 339/950/175 338/956/175
f 338/956/176 610/955/176 609/958/176
f 345/959/177 584/960/177 356/961/177
f 584/960/177 345/959/177 340/962/177
f 340/962/178 4/963/178 584/960/178
f 4/963/179 340/962/179 12/964/179
f 346/965/180 12/964/180 340/962/180
f 12/964/181 346/965/181 341/966/181
f 346/965/182 342/957/182 341/966/182
f 342/957/183 346/965/183 347/967/183
f 339/950/175 342/957/175 347/967/175
f 347/967/184 334/951/184 339/950/184
f 355/968/185 344/969/185 343/970/185
f 349/971/186 355/968/186 343/970/186
f 355/968/186 349/971/186 345/959/186
f 349/971/187 340/962/187 345/959/187
f 340/962/187 349/971/187 346/965/187
f 349/971/188 347/967/188 346/965/188
f 347/967/189 349/971/189 348/972/189
f 334/951/190 347/967/190 348/972/190
f 348/972/191 332/945/191 334/951/191
f 332/945/191 348/972/191 350/946/191
f 344/969/192 350/946/192 343/970/192
f 348/972/193 343/970/193 350/946/193
f 343/970/193 348/972/193 349/971/193
f 344/969/185 355/968/185 351/973/185
f 350/946/194 344/969/194 352/942/194
f 353/943/195 352/942/195 344/969/195
f 351/973/196 353/943/196 344/969/196
f 353/943/197 351/973/197 412/974/197
f 351/973/198 407/975/198 412/974/198
f 407/975/199 351/973/199 585/976/199
f 355/968/200 585/976/200 351/973/200
f 585/976/200 355/968/200 354/977/200
f 345/959/201 354/977/201 355/968/201
f 354/977/201 345/959/201 356/961/201
f 357/978/202 3/979/202 11/980/202
f 10/981/203 357/978/203 11/980/203
f 358/982/204 365/983/204 357/978/204
f 357/978/205 10/981/205 358/982/205
f 359/984/206 358/982/206 10/981/206
f 365/983/207 358/982/207 364/985/207
f 370/986/208 364/985/208 358/982/208
f 358/982/209 359/984/209 370/986/209
f 359/984/210 361/987/210 370/986/210
f 361/987/211 359/984/211 9/988/211
f 360/989/212 361/987/212 9/988/212
f 361/987/213 360/989/213 362/990/213
f 362/990/214 363/991/214 361/987/214
f 363/991/215 362/990/215 470/992/215
f 372/993/216 363/991/216 470/992/216
f 364/985/217 370/986/217 369/994/217
f 366/995/218 390/996/218 365/983/218
f 365/983/219 367/997/219 366/995/219
f 367/997/219 365/983/219 364/985/219
f 369/994/220 367/997/220 364/985/220
f 367/997/220 369/994/220 371/998/220
f 369/994/221 368/999/221 371/998/221
f 368/999/221 369/994/221 363/991/221
f 370/986/222 363/991/222 369/994/222
f 363/991/223 370/986/223 361/987/223
f 363/991/216 372/993/216 368/999/216
f 372/993/224 373/1000/224 368/999/224
f 373/1000/225 371/998/225 368/999/225
f 371/998/226 373/1000/226 374/18/226
f 374/18/227 367/997/227 371/998/227
f 367/997/228 374/18/228 375/17/228
f 375/17/229 366/995/229 367/997/229
f 366/995/230 375/17/230 378/1001/230
f 378/1001/231 389/1002/231 366/995/231
f 389/1002/232 378/1001/232 379/1003/232
f 373/1000/233 372/993/233 381/1004/233
f 381/1004/234 415/1005/234 373/1000/234
f 415/1005/235 374/18/235 373/1000/235
f 374/18/236 415/1005/236 376/16/236
f 375/17/237 376/16/237 377/1006/237
f 377/1006/238 378/1001/238 375/17/238
f 378/1001/239 377/1006/239 414/1007/239
f 411/1008/240 378/1001/240 414/1007/240
f 378/1001/241 411/1008/241 379/1003/241
f 411/1008/242 380/1009/242 379/1003/242
f 410/1010/243 380/1009/243 411/1008/243
f 380/1009/244 410/1010/244 383/1011/244
f 415/1005/245 381/1004/245 416/1012/245
f 379/1003/246 387/1013/246 389/1002/246
f 387/1013/247 379/1003/247 380/1009/247
f 380/1009/248 382/1014/248 387/1013/248
f 382/1014/249 380/1009/249 383/1011/249
f 383/1011/250 384/1015/250 382/1014/250
f 384/1015/251 383/1011/251 421/1016/251
f 410/1010/252 421/1016/252 383/1011/252
f 421/1016/253 410/1010/253 409/1017/253
f 386/1018/254 382/1014/254 384/1015/254
f 392/1019/255 385/1020/255 5/1021/255
f 385/1020/256 392/1019/256 393/1022/256
f 393/1022/257 386/1018/257 385/1020/257
f 386/1018/258 393/1022/258 395/1023/258
f 382/1014/254 386/1018/254 395/1023/254
f 388/1024/259 382/1014/259 395/1023/259
f 382/1014/259 388/1024/259 387/1013/259
f 388/1024/260 389/1002/260 387/1013/260
f 389/1002/260 388/1024/260 390/996/260
f 390/996/218 366/995/218 389/1002/218
f 390/996/261 357/978/261 365/983/261
f 357/978/262 390/996/262 391/1025/262
f 3/979/263 357/978/263 391/1025/263
f 394/1026/264 3/979/264 391/1025/264
f 394/1026/265 392/1019/265 3/979/265
f 392/1019/266 394/1026/266 393/1022/266
f 394/1026/267 395/1023/267 393/1022/267
f 395/1023/268 394/1026/268 388/1024/268
f 394/1026/269 390/996/269 388/1024/269
f 390/996/270 394/1026/270 391/1025/270
f 396/1027/18 476/1028/18 406/1029/18
f 476/1028/18 396/1027/18 614/1030/18
f 614/1030/271 398/1031/271 476/1028/271
f 398/1031/272 614/1030/272 397/1032/272
f 397/1032/273 474/1033/273 398/1031/273
f 474/1033/274 397/1032/274 399/1034/274
f 399/1034/1 401/1035/1 474/1033/1
f 401/1035/1 399/1034/1 400/1036/1
f 615/1037/275 401/1035/275 400/1036/275
f 401/1035/276 615/1037/276 472/1038/276
f 613/1039/277 15/1040/277 402/1041/277
f 15/1040/277 613/1039/277 403/1042/277
f 611/1043/278 403/1042/278 613/1039/278
f 403/1042/278 611/1043/278 471/1044/278
f 404/1045/5 471/1044/5 611/1043/5
f 471/1044/5 404/1045/5 469/1046/5
f 404/1045/279 405/1047/279 469/1046/279
f 405/1047/279 404/1045/279 612/1048/279
f 612/1048/280 406/1029/280 405/1047/280
f 406/1029/280 612/1048/280 396/1027/280
f 408/1049/18 535/1050/18 407/1051/18
f 535/1050/18 534/1052/18 420/1053/18
f 409/1054/18 535/1050/18 420/1053/18
f 407/1051/18 535/1050/18 409/1054/18
f 410/1055/18 407/1051/18 409/1054/18
f 411/1056/18 407/1051/18 410/1055/18
f 411/1056/18 412/1057/18 407/1051/18
f 412/1057/18 411/1056/18 414/1058/18
f 353/1059/18 412/1057/18 414/1058/18
f 353/1059/18 414/1058/18 413/1060/18
f 337/1061/18 413/1060/18 414/1058/18
f 377/1062/18 337/1061/18 414/1058/18
f 337/1061/18 377/1062/18 418/1063/18
f 376/1064/18 418/1063/18 377/1062/18
f 415/1065/18 418/1063/18 376/1064/18
f 416/1066/18 418/1063/18 415/1065/18
f 418/1063/18 416/1066/18 417/1067/18
f 605/1068/18 418/1063/18 417/1067/18
f 385/1069/281 419/1070/281 5/1071/281
f 386/1072/282 419/1070/282 385/1069/282
f 384/1073/283 419/1070/283 386/1072/283
f 419/1070/283 384/1073/283 420/1074/283
f 421/1075/284 420/1074/284 384/1073/284
f 409/1076/285 420/1074/285 421/1075/285
f 580/1077/11 306/1078/11 305/1079/11
f 306/1078/11 580/1077/11 577/1080/11
f 422/1081/11 306/1078/11 577/1080/11
f 306/1078/11 422/1081/11 569/1082/11
f 423/1083/11 424/1084/11 450/1085/11
f 424/1084/11 423/1083/11 448/1086/11
f 439/1087/18 426/1088/18 425/1089/18
f 426/1088/18 439/1087/18 429/1090/18
f 425/1091/4 436/1092/4 437/1093/4
f 436/1092/4 425/1091/4 426/1094/4
f 448/1095/2 432/1096/2 424/1097/2
f 432/1096/2 448/1095/2 427/1098/2
f 424/1099/5 433/1100/5 450/1101/5
f 433/1100/5 424/1099/5 432/1102/5
f 428/1103/286 423/1104/286 438/1105/286
f 423/1104/286 428/1103/286 448/1106/286
f 439/1107/2 430/1108/2 429/1109/2
f 430/1108/2 439/1107/2 431/1110/2
f 429/1111/1 436/1112/1 426/1113/1
f 436/1112/1 429/1111/1 430/1114/1
f 423/1115/287 435/1116/287 438/1117/287
f 435/1116/287 423/1115/287 434/1118/287
f 434/1119/18 432/1120/18 427/1121/18
f 432/1120/18 434/1119/18 433/1122/18
f 449/1123/288 434/1124/288 427/1125/288
f 434/1124/288 449/1123/288 435/1126/288
f 431/1127/11 436/1128/11 430/1129/11
f 436/1128/11 431/1127/11 437/1130/11
f 428/1131/1 437/1132/1 449/1133/1
f 437/1132/1 428/1131/1 425/1134/1
f 438/1135/1 425/1134/1 428/1131/1
f 425/1134/1 438/1135/1 439/1136/1
f 438/1135/1 431/1137/1 439/1136/1
f 431/1137/1 438/1135/1 435/1138/1
f 435/1138/1 437/1132/1 431/1137/1
f 437/1132/1 435/1138/1 449/1133/1
f 210/1139/4 598/1140/4 600/1141/4
f 600/1141/4 440/1142/4 210/1139/4
f 440/1142/4 600/1141/4 441/1143/4
f 442/1144/4 441/1143/4 600/1141/4
f 441/1143/4 442/1144/4 443/1145/4
f 442/1144/4 444/1146/4 443/1145/4
f 444/1146/4 442/1144/4 445/1147/4
f 442/1144/4 602/1148/4 445/1147/4
f 602/1148/4 446/1149/4 445/1147/4
f 446/1149/4 602/1148/4 126/1150/4
f 192/1151/18 587/1152/18 447/1153/18
f 192/1151/18 447/1153/18 32/1154/18
f 593/1155/18 192/1151/18 32/1154/18
f 448/1156/289 449/1157/289 427/1158/289
f 449/1157/289 448/1156/289 428/1159/289
f 423/1160/4 433/1161/4 434/1162/4
f 433/1161/4 423/1160/4 450/1163/4
f 317/1164/290 453/1165/290 451/1166/290
f 453/1165/290 317/1164/290 452/1167/290
f 452/1168/2 311/1169/2 453/1170/2
f 311/1169/2 452/1168/2 319/1171/2
f 313/1172/4 315/1173/4 314/1174/4
f 315/1173/4 313/1172/4 455/1175/4
f 316/1176/2 451/1177/2 454/1178/2
f 451/1177/2 316/1176/2 317/1179/2
f 455/1180/5 454/1181/5 315/1182/5
f 454/1181/5 455/1180/5 316/1183/5
f 459/1184/5 456/1185/5 460/1186/5
f 456/1185/5 459/1184/5 321/1187/5
f 465/1188/4 323/1189/4 457/1190/4
f 323/1189/4 465/1188/4 458/1191/4
f 459/1192/4 458/1191/4 322/1193/4
f 460/1194/4 458/1191/4 459/1192/4
f 458/1191/4 460/1194/4 323/1189/4
f 462/1195/4 323/1189/4 460/1194/4
f 466/1196/1 457/1197/1 461/1198/1
f 457/1197/1 466/1196/1 465/1199/1
f 321/1200/5 331/1201/5 456/1202/5
f 331/1201/5 321/1200/5 320/1203/5
f 456/1204/18 462/1205/18 460/1206/18
f 462/1205/18 456/1204/18 463/1207/18
f 331/1208/291 463/1207/291 456/1204/291
f 463/1207/292 331/1208/292 328/1209/292
f 465/1210/11 464/1211/11 458/1212/11
f 464/1211/11 465/1210/11 533/1213/11
f 466/1214/11 533/1213/11 465/1210/11
f 533/1213/11 466/1214/11 538/1215/11
f 467/1216/11 538/1215/11 466/1214/11
f 538/1215/11 467/1216/11 539/1217/11
f 467/1216/11 324/1218/11 539/1217/11
f 324/1218/11 467/1216/11 330/1219/11
f 482/1220/4 276/1221/4 274/1222/4
f 468/1223/4 482/1220/4 274/1222/4
f 482/1220/4 468/1223/4 480/1224/4
f 405/1225/293 416/1226/293 381/1227/293
f 381/1227/294 469/1228/294 405/1225/294
f 469/1228/295 381/1227/295 372/1229/295
f 470/1230/296 469/1228/296 372/1229/296
f 469/1228/296 470/1230/296 471/1231/296
f 362/1232/297 471/1231/297 470/1230/297
f 471/1231/298 362/1232/298 403/1233/298
f 360/1234/299 403/1233/299 362/1232/299
f 403/1233/300 360/1234/300 15/1235/300
f 473/1236/301 472/1237/301 14/1238/301
f 472/1237/302 473/1236/302 401/1239/302
f 473/1236/303 474/1240/303 401/1239/303
f 474/1240/303 473/1236/303 475/1241/303
f 475/1241/304 398/1242/304 474/1240/304
f 398/1242/305 475/1241/305 417/1243/305
f 476/1244/306 398/1242/306 417/1243/306
f 417/1243/307 406/1245/307 476/1244/307
f 406/1245/308 417/1243/308 416/1226/308
f 416/1226/309 405/1225/309 406/1245/309
f 75/1246/310 38/1247/310 177/1248/310
f 38/1247/37 477/1249/37 177/1248/37
f 477/1249/4 38/1247/4 478/1250/4
f 187/1251/4 477/1249/4 478/1250/4
f 477/1249/4 187/1251/4 171/1252/4
f 479/1253/4 171/1252/4 187/1251/4
f 171/1252/108 479/1253/108 509/1254/108
f 509/1254/311 479/1253/311 236/1255/311
f 238/1256/11 480/1257/11 237/1258/11
f 241/1259/11 480/1257/11 238/1256/11
f 481/1260/11 480/1257/11 241/1259/11
f 480/1257/11 481/1260/11 482/1261/11
f 481/1260/312 276/1262/312 482/1261/312
f 276/1262/313 481/1260/313 22/1263/313
f 193/1264/314 22/1263/314 481/1260/314
f 22/1263/315 193/1264/315 483/1265/315
f 241/1259/316 193/1264/316 481/1260/316
f 193/1264/316 241/1259/316 484/1266/316
f 484/1266/317 241/1259/317 198/1267/317
f 293/1268/4 526/1269/4 292/1270/4
f 526/1269/4 293/1268/4 485/1271/4
f 486/1272/4 526/1269/4 485/1271/4
f 526/1269/4 486/1272/4 487/1273/4
f 291/1274/4 487/1273/4 486/1272/4
f 487/1273/4 291/1274/4 528/1275/4
f 242/1276/2 30/1277/2 243/1278/2
f 30/1277/2 242/1276/2 150/1279/2
f 488/1280/4 491/1281/4 493/1282/4
f 491/1281/4 488/1280/4 247/1283/4
f 246/341/1 493/1284/1 492/343/1
f 493/1284/1 246/341/1 488/1285/1
f 489/1286/18 490/1287/18 112/1288/18
f 490/1287/18 489/1286/18 31/1289/18
f 496/1290/18 31/1289/18 489/1286/18
f 31/1289/18 496/1290/18 491/1291/18
f 496/1290/18 493/1292/18 491/1291/18
f 493/1292/18 496/1290/18 492/1293/18
f 494/1294/318 512/1295/318 557/1296/318
f 512/1295/319 494/1294/319 519/1297/319
f 517/1298/320 512/1295/320 519/1297/320
f 497/1299/11 102/1300/11 495/1301/11
f 102/1300/11 497/1299/11 499/1302/11
f 496/1303/321 495/1304/321 492/1305/321
f 495/1304/321 496/1303/321 497/1306/321
f 499/1307/2 498/1308/2 102/1309/2
f 498/1308/2 499/1307/2 149/1310/2
f 500/1311/2 112/1312/2 546/1313/2
f 112/1312/2 500/1311/2 489/1314/2
f 501/1315/322 224/1316/322 227/1317/322
f 224/1316/323 501/1315/323 502/1318/323
f 223/1319/324 224/1316/324 502/1318/324
f 268/1320/325 223/1319/325 502/1318/325
f 268/1320/325 221/1321/325 223/1319/325
f 480/1322/2 239/1323/2 237/1324/2
f 239/1323/2 480/1322/2 503/1325/2
f 543/1326/326 592/1327/326 139/1328/326
f 504/1329/66 592/1327/66 543/1326/66
f 590/1330/65 592/1327/65 504/1329/65
f 271/1331/2 590/1332/2 504/1333/2
f 590/1332/2 271/1331/2 591/1334/2
f 506/20/327 507/19/327 508/1335/327
f 507/1336/88 234/1337/88 508/1338/88
f 234/1337/328 507/1336/328 509/1339/328
f 228/1340/2 508/1341/2 234/1342/2
f 508/1341/2 228/1340/2 506/1343/2
f 505/1344/329 509/1345/329 507/1346/329
f 509/1345/145 505/1344/145 171/1347/145
f 521/1348/18 510/1349/18 1/1350/18
f 510/1349/18 521/1348/18 511/1351/18
f 1/1352/4 513/1353/4 514/1354/4
f 513/1353/4 1/1352/4 510/1355/4
f 516/1356/4 512/1357/4 517/1358/4
f 513/1353/4 512/1357/4 516/1356/4
f 302/1359/4 513/1353/4 516/1356/4
f 513/1353/4 302/1359/4 514/1354/4
f 515/1360/4 514/1354/4 302/1359/4
f 517/1361/330 519/1362/330 516/1363/330
f 519/1362/330 285/1364/330 516/1363/330
f 285/1364/1 486/1365/1 516/1363/1
f 486/1365/1 285/1364/1 291/1366/1
f 531/1367/1 519/1362/1 494/1368/1
f 519/1362/1 531/1367/1 518/1369/1
f 285/1364/330 519/1362/330 518/1369/330
f 285/1364/330 518/1369/330 520/1370/330
f 515/1371/331 521/1372/331 514/1373/331
f 521/1372/332 515/1371/332 523/1374/332
f 523/1374/333 511/1375/333 521/1372/333
f 513/1376/334 522/1377/334 512/1378/334
f 522/1377/335 513/1376/335 511/1375/335
f 511/1375/333 523/1374/333 522/1377/333
f 523/1374/18 556/1379/18 522/1377/18
f 556/1379/18 523/1374/18 301/1380/18
f 301/1380/336 524/1381/336 556/1379/336
f 524/1381/336 301/1380/336 300/1382/336
f 529/1383/4 297/1384/4 527/1385/4
f 297/1384/4 529/1383/4 525/1386/4
f 527/1387/18 526/1388/18 487/1389/18
f 526/1388/18 527/1387/18 297/1390/18
f 528/1391/1 527/1392/1 487/1393/1
f 527/1392/1 528/1391/1 529/1394/1
f 516/1395/18 485/1396/18 302/1397/18
f 485/1396/18 516/1395/18 486/1398/18
f 530/1399/2 494/1400/2 557/1401/2
f 494/1400/2 530/1399/2 531/1402/2
f 533/1403/337 560/1404/337 464/1405/337
f 560/1404/337 533/1403/337 532/1406/337
f 538/1407/5 532/1408/5 533/1409/5
f 532/1408/5 538/1407/5 559/1410/5
f 6/1411/338 534/1412/338 535/1413/338
f 534/1412/338 6/1411/338 7/1414/338
f 8/1415/1 535/1416/1 408/1417/1
f 535/1416/1 8/1415/1 6/1418/1
f 271/1419/5 536/1420/5 591/1421/5
f 120/1422/5 536/1420/5 271/1419/5
f 120/1422/5 537/1423/5 536/1420/5
f 518/1424/339 295/1425/339 520/1426/339
f 531/1427/340 295/1425/340 518/1424/340
f 295/1425/341 531/1427/341 530/1428/341
f 539/1429/342 559/1430/342 538/1431/342
f 559/1430/342 539/1429/342 540/1432/342
f 324/1433/4 540/1432/4 539/1429/4
f 540/1432/4 324/1433/4 327/1434/4
f 542/23/8 543/22/8 154/1435/8
f 544/1436/2 542/23/2 154/1435/2
f 542/23/2 544/1436/2 180/1437/2
f 545/1438/343 180/1437/343 544/1436/343
f 180/1437/343 545/1438/343 181/1439/343
f 546/1440/18 144/1441/18 500/1442/18
f 144/1441/18 546/1440/18 547/1443/18
f 547/1443/344 146/1444/344 144/1441/344
f 146/1444/344 547/1443/344 114/1445/344
f 114/1445/18 548/1446/18 146/1444/18
f 548/1446/18 114/1445/18 550/1447/18
f 550/1447/345 549/1448/345 548/1446/345
f 549/1448/345 550/1447/345 116/1449/345
f 117/1450/4 549/1448/4 116/1449/4
f 549/1448/4 117/1450/4 147/1451/4
f 553/1452/346 551/1453/346 182/1454/346
f 551/1453/347 553/1452/347 552/1455/347
f 553/1452/18 555/1456/18 552/1455/18
f 555/1456/18 553/1452/18 554/1457/18
f 522/1458/1 557/1459/1 512/1460/1
f 557/1459/1 522/1458/1 556/1461/1
f 556/1461/1 524/1462/1 557/1459/1
f 287/1463/1 557/1459/1 524/1462/1
f 557/1459/1 287/1463/1 530/1464/1
f 558/1465/18 327/1466/18 329/1467/18
f 327/1466/18 558/1465/18 540/1468/18
f 558/1465/18 559/1469/18 540/1468/18
f 559/1469/18 558/1465/18 461/1470/18
f 461/1470/18 532/1471/18 559/1469/18
f 532/1471/18 461/1470/18 457/1472/18
f 457/1472/18 560/1473/18 532/1471/18
f 560/1473/18 457/1472/18 323/1474/18
f 567/1475/2 561/1476/2 564/1477/2
f 120/1478/8 564/1477/8 561/1476/8
f 564/1477/8 120/1478/8 272/1479/8
f 563/1480/348 564/1477/348 272/1479/348
f 564/1477/349 563/1480/349 562/1481/349
f 564/1477/350 562/1481/350 595/1482/350
f 565/1483/350 564/1477/350 595/1482/350
f 564/1477/350 565/1483/350 567/1475/350
f 565/1483/350 566/1484/350 567/1475/350
f 161/1485/351 567/1475/351 566/1484/351
f 567/1475/352 161/1485/352 160/1486/352
f 121/1487/343 567/1475/343 160/1486/343
f 567/1475/343 121/1487/343 568/1488/343
f 561/1476/2 567/1475/2 568/1488/2
f 422/1489/4 307/1490/4 569/1491/4
f 307/1490/4 422/1489/4 570/1492/4
f 571/1493/4 307/1490/4 570/1492/4
f 307/1490/4 571/1493/4 572/1494/4
f 575/1495/4 572/1494/4 571/1493/4
f 572/1494/4 575/1495/4 310/1496/4
f 577/1497/353 570/1498/353 422/1499/353
f 570/1498/353 577/1497/353 573/1500/353
f 574/1501/354 570/1498/354 573/1500/354
f 570/1498/354 574/1501/354 571/1502/354
f 576/1503/355 571/1502/355 574/1501/355
f 571/1502/355 576/1503/355 575/1504/355
f 580/1505/356 573/1500/356 577/1497/356
f 573/1500/357 580/1505/357 578/1506/357
f 579/1507/358 573/1500/358 578/1506/358
f 573/1500/358 579/1507/358 574/1501/358
f 304/1508/359 574/1501/359 579/1507/359
f 574/1501/360 304/1508/360 576/1503/360
f 305/1509/361 578/1510/361 580/1511/361
f 578/1510/361 305/1509/361 581/1512/361
f 582/1513/2 578/1510/2 581/1512/2
f 578/1510/2 582/1513/2 579/1514/2
f 583/1515/362 579/1514/362 582/1513/362
f 579/1514/362 583/1515/362 304/1516/362
f 8/1517/2 584/1518/2 4/1519/2
f 356/1520/2 584/1518/2 8/1517/2
f 408/1521/2 356/1520/2 8/1517/2
f 356/1520/2 408/1521/2 354/1522/2
f 408/1521/2 585/1523/2 354/1522/2
f 407/1524/2 585/1523/2 408/1521/2
f 250/1525/4 21/1526/4 249/1527/4
f 21/1526/4 250/1525/4 251/1528/4
f 251/1528/4 250/1525/4 586/1529/4
f 490/1530/4 586/1529/4 250/1525/4
f 586/1529/4 490/1530/4 190/1531/4
f 190/1531/4 490/1530/4 587/1532/4
f 490/1530/4 447/1533/4 587/1532/4
f 447/1533/4 490/1530/4 31/1534/4
f 148/1535/4 589/1536/4 588/1537/4
f 589/1536/4 148/1535/4 143/1538/4
f 145/1539/363 589/1536/363 143/1538/363
f 589/1536/363 145/1539/363 113/1540/363
f 145/1539/11 115/1541/11 113/1540/11
f 115/1541/11 145/1539/11 124/1542/11
f 591/1543/11 592/1544/11 590/1545/11
f 592/1544/11 591/1543/11 536/1546/11
f 536/1546/364 139/1547/364 592/1544/364
f 139/1547/364 536/1546/364 537/1548/364
f 32/1549/365 594/1550/365 593/1551/365
f 594/1550/365 32/1549/365 565/1552/365
f 595/1553/2 594/1550/2 565/1552/2
f 594/1550/2 595/1553/2 596/1554/2
f 19/1555/366 596/1554/366 595/1553/366
f 596/1554/366 19/1555/366 252/1556/366
f 599/1557/367 598/1558/367 597/1559/367
f 598/1558/367 599/1557/367 600/1560/367
f 92/1561/5 600/1560/5 599/1557/5
f 600/1560/5 92/1561/5 442/1562/5
f 92/1561/368 602/1563/368 442/1562/368
f 602/1563/368 92/1561/368 601/1564/368
f 602/1563/18 601/1564/18 126/1565/18
f 603/1566/18 126/1565/18 601/1564/18
f 126/1565/18 603/1566/18 604/465/18
f 158/466/369 604/465/369 603/1566/369
f 418/1567/370 605/1568/370 336/1569/370
f 607/1570/371 336/1569/371 605/1568/371
f 336/1569/372 607/1570/372 606/1571/372
f 608/1572/373 606/1571/373 607/1570/373
f 606/1571/373 608/1572/373 335/1573/373
f 608/1572/374 610/1574/374 335/1573/374
f 610/1574/375 608/1572/375 616/1575/375
f 610/1574/376 616/1575/376 609/1576/376
f 611/1577/377 612/1578/377 404/1579/377
f 612/1578/377 611/1577/377 613/1580/377
f 613/1580/378 396/1581/378 612/1578/378
f 396/1581/378 613/1580/378 402/1582/378
f 402/1582/379 614/1583/379 396/1581/379
f 614/1583/379 402/1582/379 2/1584/379
f 2/1584/380 397/1585/380 614/1583/380
f 397/1585/380 2/1584/380 615/1586/380
f 615/1586/381 399/1587/381 397/1585/381
f 399/1587/381 615/1586/381 400/1588/381
f 417/1589/382 607/1590/382 605/1591/382
f 607/1590/383 417/1589/383 475/1592/383
f 473/1593/384 607/1590/384 475/1592/384
f 607/1590/384 473/1593/384 608/1594/384
f 14/1595/385 608/1594/385 473/1593/385
f 608/1594/386 14/1595/386 616/1596/386
